,Unnamed: 0,nid,title,price,ps_sort,price_section,sales,comments,isFee,isTmall,province,city,storeName,detailUrl
0,0,607286310296,2送1天然维生素E软胶囊ve维e内服外用面部外涂脸脸部油搭c片含片,39.9,0,"(0,50]",100000,241933,是,是,上海,上海,众久旗舰店,//detail.tmall.com/item.htm?id=607286310296&ns=1&abbucket=10
1,1,16248578021,100片康恩贝维生素C咀嚼片vc片维他命c含片成人男女高含量维c搭ve,19.9,0,"(0,50]",70000,229136,是,是,浙江,金华,康恩贝官方旗舰店,//detail.tmall.com/item.htm?id=16248578021&ns=1&abbucket=10
2,2,610694979400,修正牌维生素E软胶囊ve内服外用面部外涂脸部维e油搭VC维生素C,29.9,0,"(0,50]",55000,25549,是,是,浙江,金华,希希林保健品专营店,//detail.tmall.com/item.htm?id=610694979400&ns=1&abbucket=10
3,3,596926979654,汤臣倍健天然博士维生素c儿童咀嚼片非泡腾vc含片成人针叶樱桃粉,49.9,0,"(0,50]",40000,42637,是,是,广东,佛山,天然博士旗舰店,//detail.tmall.com/item.htm?id=596926979654&ns=1&abbucket=10
4,4,586808222995,买2送1买3送2修正牌维生素E软胶囊ve维e内服外用面部外涂脸脸部,39.9,0,"(0,50]",35000,248627,是,是,浙江,杭州,修正官方旗舰店,//detail.tmall.com/item.htm?id=586808222995&ns=1&abbucket=10
5,5,541461689922,3盒】星鲨维生素D滴剂(胶囊型)24粒补钙维生素D佝偻病官方婴儿钙,108.0,2,"(100,150]",30000,128963,是,是,广东,广州,阿里健康大药房,//detail.tmall.com/item.htm?id=541461689922&ns=1&abbucket=10
6,6,610410489088,江中液体钙维生素d3成人碳酸钙中老年女性儿童男青年补钙片青少年,49.9,0,"(0,50]",30000,48255,是,是,浙江,金华,康合森保健品专营店,//detail.tmall.com/item.htm?id=610410489088&ns=1&abbucket=10
7,7,584518631283,买2送天然VE】黄金搭档维生素C含片100片VC维C咀嚼片维他命C女男,18.9,0,"(0,50]",25000,214737,是,是,江苏,无锡,黄金搭档官方旗舰店,//detail.tmall.com/item.htm?id=584518631283&ns=1&abbucket=10
8,8,620395384553,买2送1维生素E软胶囊ve维e胶囊油外用面部外涂痘印色斑脸部搭c片,19.9,0,"(0,50]",25000,10808,是,是,浙江,杭州,newliann纽利安旗舰店,//detail.tmall.com/item.htm?id=620395384553&ns=1&abbucket=10
9,9,538366041025,21金维他多维元素片100片复合维生素B b6 b1 b2维生素c钙铁锌21,66.0,1,"(50,100]",20000,77980,是,是,广东,广州,阿里健康大药房,//detail.tmall.com/item.htm?id=538366041025&ns=1&abbucket=10
10,10,543557093930,汤臣倍健褪黑素安瓶助改善失眠安深度睡眠片神退腿褪黑色素片定眠,86.0,1,"(50,100]",20000,80598,是,是,江苏,南京,汤臣倍健佰健专卖店,//detail.tmall.com/item.htm?id=543557093930&ns=1&abbucket=10
11,11,612632031478,拍2发3】朗迪氨糖软骨碳酸钙维生素d3片加补钙片成人男女性青年,55.8,1,"(50,100]",20000,63323,是,是,浙江,金华,朗迪保健品旗舰店,//detail.tmall.com/item.htm?id=612632031478&ns=1&abbucket=10
12,12,41353784171,汤臣倍健液体钙片碳酸钙中老年成年女性青少年维生素d3官方旗舰店,94.0,1,"(50,100]",20000,149538,是,是,江苏,南京,汤臣倍健佰健专卖店,//detail.tmall.com/item.htm?id=41353784171&ns=1&abbucket=10
13,13,607216048992,买2送1 维生素C维C咀嚼片C含片维他命VC糖果香橙味男女性搭VE,9.9,0,"(0,50]",15000,77189,是,是,上海,上海,众久旗舰店,//detail.tmall.com/item.htm?id=607216048992&ns=1&abbucket=10
14,14,545272473579,汤臣倍健液体钙片碳酸钙中老年成年女性青少年维生素d3官方旗舰店,94.0,1,"(50,100]",15000,40705,是,是,广东,广州,阿里健康大药房,//detail.tmall.com/item.htm?id=545272473579&ns=1&abbucket=10
15,15,593422855591,3盒】星鲨维生素D滴剂(胶囊型)36粒预防补钙佝偻病婴幼儿童鲨星d3,162.0,3,"(150,200]",15000,20318,是,是,广东,广州,阿里健康大药房,//detail.tmall.com/item.htm?id=593422855591&ns=1&abbucket=10
16,16,620064859947,碧生源维生素e软胶囊110粒营养ve维e内服外用面部外涂脸脸部,29.9,0,"(0,50]",15000,511,否,否,上海,上海,爱抢购app充值,//item.taobao.com/item.htm?id=620064859947&ns=1&abbucket=10#detail
17,17,584643157884,优信维生素C泡腾片儿童成人沸腾泡片固体饮料多种水果VC泡腾维C片,15.9,0,"(0,50]",15000,80213,是,是,江苏,南京,优信保健食品旗舰店,//detail.tmall.com/item.htm?id=584643157884&ns=1&abbucket=10
18,18,574010851173,康恩贝维生素C泡腾片固体饮料儿童成人维他命VC泡腾维C片沸腾泡片,24.8,0,"(0,50]",15000,103327,是,是,浙江,金华,康恩贝官方旗舰店,//detail.tmall.com/item.htm?id=574010851173&ns=1&abbucket=10
19,19,14218126499,买3发7】禾博士B族维生素片多种维生素b1 b6 b2 复合维b 男女性vb,39.9,0,"(0,50]",15000,143730,是,是,上海,上海,禾博士旗舰店,//detail.tmall.com/item.htm?id=14218126499&ns=1&abbucket=10
20,20,597521234497,钙片碳酸钙男青年长高学生青少年中老年维生素D3补健力多汤臣倍健,44.0,0,"(0,50]",15000,3073,是,是,广东,广州,阿里健康大药房,//detail.tmall.com/item.htm?id=597521234497&ns=1&abbucket=10
21,21,541909265646,恒健维生素B6片100片补充维生素B6 脂溢性皮炎嘴唇干裂妊娠呕吐,4.9,0,"(0,50]",15000,54269,否,是,广东,广州,阿里健康大药房,//detail.tmall.com/item.htm?id=541909265646&ns=1&abbucket=10
22,22,542314489183,养生堂牌天然维生素E软胶囊250mg/粒*100粒 美容祛黄褐斑,49.9,0,"(0,50]",10000,35303,是,是,浙江,杭州,养生堂旗舰店,//detail.tmall.com/item.htm?id=542314489183&ns=1&abbucket=10
23,23,591591078059,东北制药维生素C片100s0.1g100mg*100片/盒紫癜,4.3,0,"(0,50]",10000,13222,否,是,广东,广州,阿里健康大药房,//detail.tmall.com/item.htm?id=591591078059&ns=1&abbucket=10
24,24,598924199561,汤臣倍健维生素C咀嚼片维c含片补充vc搭配天然维生素eVE软胶囊,169.0,3,"(150,200]",10000,83143,是,是,广东,广州,喜多保健食品专营店,//detail.tmall.com/item.htm?id=598924199561&ns=1&abbucket=10
25,25,41577672438,买2送大麦茶】修正维生素C含片100片 VC咀嚼片可搭VE维生素E胶囊,19.9,0,"(0,50]",10000,39975,是,是,浙江,金华,修正官方旗舰店,//detail.tmall.com/item.htm?id=41577672438&ns=1&abbucket=10
26,26,558451856579,朗迪碳酸钙d3片孕妇钙片儿童中老年成人女性孕期维生素D钙咀嚼片,75.0,1,"(50,100]",10000,49564,是,是,广东,广州,振东旗舰店,//detail.tmall.com/item.htm?id=558451856579&ns=1&abbucket=10
27,27,587870618119,Swisse 斯维诗澳洲进口钙片维生素D150片 孕妇VD钙 成人老年补钙,105.0,2,"(100,150]",10000,125522,是,是,浙江,杭州,天猫国际进口超市,//detail.tmall.com/item.htm?id=587870618119&ns=1&abbucket=10
28,28,619236060074,碧生源维生素C+E片1.0g/片*60片营养,39.0,0,"(0,50]",10000,83,否,否,上海,上海,爱抢购app充值,//item.taobao.com/item.htm?id=619236060074&ns=1&abbucket=10#detail
29,29,613824723101,星鲨维生素D3婴儿软胶囊维生素D滴剂儿童钙新生儿成人孕妇婴幼儿,48.0,0,"(0,50]",10000,35062,是,是,福建,厦门,星鲨旗舰店,//detail.tmall.com/item.htm?id=613824723101&ns=1&abbucket=10
30,30,558904782624,生长钙片碳酸钙产品15青少年学生成年乳钙厘米没长高激素神器增高,195.0,3,"(150,200]",10000,128789,是,是,云南,昆明,麦金利圣草峰专卖店,//detail.tmall.com/item.htm?id=558904782624&ns=1&abbucket=10
31,31,540972926824,3盒包邮】达因伊可新维生素AD滴剂30粒1岁以上AD预防佝偻病ad滴剂,108.0,2,"(100,150]",10000,28263,是,是,广东,广州,阿里健康大药房,//detail.tmall.com/item.htm?id=540972926824&ns=1&abbucket=10
32,32,627652742153,Jamieson健美生 天然维生素C咀嚼片甜橙味120粒 高浓度VC,99.0,1,"(50,100]",10000,1206,是,是,浙江,杭州,天猫国际妙颜社,//detail.tmall.com/item.htm?id=627652742153&ns=1&abbucket=10
33,33,558539893857,朗迪钙碳酸钙加维生素d3颗粒婴幼小儿童成人孕妇宝宝长钙备孕补钙,55.0,1,"(50,100]",10000,13572,是,是,广东,广州,振东旗舰店,//detail.tmall.com/item.htm?id=558539893857&ns=1&abbucket=10
34,34,541519712155,领券减】爱乐维复合维生素100片孕妇叶酸补充备孕早期多维元素B,358.0,7,"(350,400]",10000,63068,是,是,广东,广州,阿里健康大药房,//detail.tmall.com/item.htm?id=541519712155&ns=1&abbucket=10
35,35,541909465274,恒健复合维生素B片100片营养不良厌食精力不集中糙皮病脚气口臭,7.1,0,"(0,50]",10000,52998,否,是,广东,广州,阿里健康大药房,//detail.tmall.com/item.htm?id=541909465274&ns=1&abbucket=10
36,36,570159773133,健力多补钙片碳酸钙中老年维生素d3女性男青年少长高学生汤臣倍健,59.9,1,"(50,100]",10000,179726,是,是,广东,佛山,健力多官方旗舰店,//detail.tmall.com/item.htm?id=570159773133&ns=1&abbucket=10
37,37,42384720235,买2送1 修正B族维生素片 复合维生素b 维b b1 b2 b6 b12熬夜常备,49.0,0,"(0,50]",10000,82086,是,是,浙江,杭州,修正官方旗舰店,//detail.tmall.com/item.htm?id=42384720235&ns=1&abbucket=10
38,38,548136223424,vc汤臣倍健维生素c咀嚼片维他命C含片女性维C搭天然VE粉泡腾泡片,98.0,1,"(50,100]",10000,56030,是,是,江苏,南京,汤臣倍健佰健专卖店,//detail.tmall.com/item.htm?id=548136223424&ns=1&abbucket=10
39,39,540340636599,达因伊可新维生素AD滴剂50粒0~1岁维生素儿童婴幼儿婴儿钙ad滴剂,62.0,1,"(50,100]",10000,24849,否,是,广东,广州,阿里健康大药房,//detail.tmall.com/item.htm?id=540340636599&ns=1&abbucket=10
40,40,538404924511,善存多维元素29)100片ⅴc复合维生素含叶酸维生素b6 b1b2维生素C,124.0,2,"(100,150]",10000,48594,是,是,广东,广州,阿里健康大药房,//detail.tmall.com/item.htm?id=538404924511&ns=1&abbucket=10
41,41,609968763164,【200粒大瓶液体钙】恩威万钙维生素D高钙片胶囊青少年中老年补钙,58.0,1,"(50,100]",10000,3246,是,是,山东,威海,恩威万旗舰店,//detail.tmall.com/item.htm?id=609968763164&ns=1&abbucket=10
42,42,521504280975,100片康恩贝维生素C咀嚼片香橙味维他命含片VC增强免疫坏血病,17.9,0,"(0,50]",10000,105013,否,是,上海,上海,天猫超市,//detail.tmall.com/item.htm?id=521504280975&ns=1&abbucket=10
43,43,583244686434,汤臣倍健维生素C咀嚼片vc含片补充维c搭配天然VE维生素e软胶囊,109.0,2,"(100,150]",10000,31865,是,是,广东,广州,喜多保健食品专营店,//detail.tmall.com/item.htm?id=583244686434&ns=1&abbucket=10
44,44,538394156434,惠氏钙尔奇钙片60片碳酸钙D3孕妇成人补钙维生素D3骨质疏松药店,63.0,1,"(50,100]",9500,29376,否,是,广东,广州,阿里健康大药房,//detail.tmall.com/item.htm?id=538394156434&ns=1&abbucket=10
45,45,602806091642,成人综合多种维生素c加e咀嚼片女士天然vc片孕妇复合维生素ce含片,29.9,0,"(0,50]",9500,9990,是,是,江西,南昌,食妆久美旗舰店,//detail.tmall.com/item.htm?id=602806091642&ns=1&abbucket=10
46,46,576577298228,华晨宇同款cenovis萃益维维c片无糖维生素c咀嚼片美白vc含片300粒,99.0,1,"(50,100]",9500,59570,是,是,浙江,杭州,cenovis海外旗舰店,//detail.tmall.com/item.htm?id=576577298228&ns=1&abbucket=10
47,47,546704307497,vc片维生素c汤臣倍健维生素C咀嚼片维C含片男女搭天然VE泡腾泡片,98.0,1,"(50,100]",9000,43391,是,是,北京,北京,汤臣倍健众华朗臣专卖店,//detail.tmall.com/item.htm?id=546704307497&ns=1&abbucket=10
48,48,574535143855,汤臣倍健多种维生素a矿物质b2片男士多维青年成年硒钙片锌b12b族,58.0,1,"(50,100]",9000,2536,是,是,广东,广州,健乐多官方旗舰店,//detail.tmall.com/item.htm?id=574535143855&ns=1&abbucket=10
49,49,571172601110,CONBA/康恩贝维生素C咀嚼片(香橙味) VC1.2g/片*100片补充维C成人,17.9,0,"(0,50]",9000,63172,否,是,广东,广州,阿里健康大药房,//detail.tmall.com/item.htm?id=571172601110&ns=1&abbucket=10
50,50,611335641424,汤臣倍健维生素b族片复合维生素b2b6b12vb维b综合b男女性维他命,59.0,1,"(50,100]",9000,4351,是,是,广东,广州,阿里健康大药房,//detail.tmall.com/item.htm?id=611335641424&ns=1&abbucket=10
51,51,616249452521,买2送1维生素E软胶囊ve外用涂脸脸部c面部维e用搭片油VC粉痘印维C,19.9,0,"(0,50]",8500,4261,是,是,浙江,金华,米禾保健食品专营店,//detail.tmall.com/item.htm?id=616249452521&ns=1&abbucket=10
52,52,539083212507,星鲨维生素D滴剂(胶囊型)30粒儿童补钙补充维生素D发育迟缓佝偻病,45.0,0,"(0,50]",8500,42617,否,是,广东,广州,阿里健康大药房,//detail.tmall.com/item.htm?id=539083212507&ns=1&abbucket=10
53,53,561305455978,ALAND/艾兰得 维生素C含片0.65g/片*100片儿童成人VC咀嚼片,29.9,0,"(0,50]",8500,65130,是,是,上海,上海,aland艾兰得旗舰店,//detail.tmall.com/item.htm?id=561305455978&ns=1&abbucket=10
54,54,539380668233,伊可新维生素AD滴剂(胶囊型)0-1岁30粒/盒新生儿佝偻病夜盲婴幼儿,39.8,0,"(0,50]",8000,38262,否,是,广东,广州,阿里健康大药房,//detail.tmall.com/item.htm?id=539380668233&ns=1&abbucket=10
55,55,17460215117,康恩贝B族维生素片多种维生素b复合b1 b6 b2 b12男女性vb 维生素b,29.9,0,"(0,50]",8000,47266,是,是,浙江,金华,康恩贝官方旗舰店,//detail.tmall.com/item.htm?id=17460215117&ns=1&abbucket=10
56,56,539952299712,浙江医药维生素E软胶囊30粒心脑血管疾病 习惯性流产不孕ve胶囊,2.9,0,"(0,50]",7500,59645,否,是,广东,广州,阿里健康大药房,//detail.tmall.com/item.htm?id=539952299712&ns=1&abbucket=10
57,57,538203073661,汤臣倍健褪黑素安瓶助眠改善睡眠助眠睡眠片退黑素褪黑色素片搭VB,97.0,1,"(50,100]",7500,38897,是,是,广东,广州,汤臣倍健官方旗舰店,//detail.tmall.com/item.htm?id=538203073661&ns=1&abbucket=10
58,58,618182172809,生长钙片碳酸钙青少年15学生厘米乳钙神器没激素长高钙片产品增高,98.0,1,"(50,100]",7500,21655,是,是,浙江,杭州,民林康保健品专营店,//detail.tmall.com/item.htm?id=618182172809&ns=1&abbucket=10
59,59,544574309910,5种口味 康恩贝维生素C泡腾片固体饮料儿童成人VC泡腾维C沸腾泡片,39.9,0,"(0,50]",7000,5166,是,是,浙江,金华,康恩贝保健品专营店,//detail.tmall.com/item.htm?id=544574309910&ns=1&abbucket=10
60,60,541165939443,朗迪碳酸钙D3片100片维生素d3补钙中老年孕妇幼儿童青少年OTC钙片,118.0,2,"(100,150]",7000,28184,是,是,广东,广州,阿里健康大药房,//detail.tmall.com/item.htm?id=541165939443&ns=1&abbucket=10
61,61,615475515886,麦金利VC片维生素C泡腾片儿童成人固体饮料泡片水无糖泡腾维C片粉,15.9,0,"(0,50]",7000,27617,是,是,广东,深圳,mckin麦金利旗舰店,//detail.tmall.com/item.htm?id=615475515886&ns=1&abbucket=10
62,62,607257459479,【直播推荐】Swisse 钙片+维生素D片150片中老年补钙孕妇钙片,105.0,2,"(100,150]",7000,26073,是,是,浙江,杭州,天猫国际进口超市,//detail.tmall.com/item.htm?id=607257459479&ns=1&abbucket=10
63,63,571372087303,阿里健康直营钙D软胶囊200粒液体钙补维生素D钙片成年中老年男女,45.0,0,"(0,50]",7000,5161,否,是,广东,广州,阿里健康大药房,//detail.tmall.com/item.htm?id=571372087303&ns=1&abbucket=10
64,64,525335873644,汤臣倍健液体钙片碳酸钙维生素d3中老年成人青少年女性官方旗舰店,94.0,1,"(50,100]",6500,45308,是,是,上海,上海,汤臣倍健健领专卖店,//detail.tmall.com/item.htm?id=525335873644&ns=1&abbucket=10
65,65,12574776935,ve+vc康恩贝维生素e软胶囊维e油外用面部涂脸脸部维生素c片咀嚼片,73.0,1,"(50,100]",6500,72802,是,是,浙江,金华,康恩贝官方旗舰店,//detail.tmall.com/item.htm?id=12574776935&ns=1&abbucket=10
66,66,537639061468,汤臣倍健女士复合多种维生素A矿物质片钙片碳酸钙综合b族女成年c,128.0,2,"(100,150]",6500,23986,是,是,江苏,南京,汤臣倍健佰健专卖店,//detail.tmall.com/item.htm?id=537639061468&ns=1&abbucket=10
67,67,598597025274,汤臣倍健钙片碳酸钙男青年中老年青少女性成年维生素d搭长高学生,44.9,0,"(0,50]",6500,24063,是,是,安徽,合肥,汤臣倍健风振专卖店,//detail.tmall.com/item.htm?id=598597025274&ns=1&abbucket=10
68,68,521819577130,德国双心 维生素C泡腾片15片高浓度补充VC+锌 成人免疫力,79.0,1,"(50,100]",6500,3965,是,是,浙江,杭州,doppelherz双心海外旗舰店,//detail.tmall.com/item.htm?id=521819577130&ns=1&abbucket=10
69,69,593236082797,3盒】悦而维生素D滴剂24粒vd 维D儿童补钙生长发育不良佝偻病预防,124.5,2,"(100,150]",6500,9560,是,是,广东,广州,阿里健康大药房,//detail.tmall.com/item.htm?id=593236082797&ns=1&abbucket=10
70,70,545419113986,善存多种复合维生素佳维片60粒含维生素ceb成人男女官方旗舰店,102.0,2,"(100,150]",6500,34356,是,是,广东,广州,善存官方旗舰店,//detail.tmall.com/item.htm?id=545419113986&ns=1&abbucket=10
71,71,44465622714,养生堂牌天然ve维生素E软胶囊 250mg/粒*200粒 美容祛斑 延缓衰老,148.0,2,"(100,150]",6500,50777,是,是,浙江,杭州,养生堂旗舰店,//detail.tmall.com/item.htm?id=44465622714&ns=1&abbucket=10
72,72,537522047895,汤臣倍健多种维生素a矿物质b2片男士多维青年成年硒钙片锌b12b族,128.0,2,"(100,150]",6000,31485,是,是,江苏,南京,汤臣倍健佰健专卖店,//detail.tmall.com/item.htm?id=537522047895&ns=1&abbucket=10
73,73,527036337530,Swisse斯维诗vd钙娘娘钙澳洲钙+维生素D150片孕妇钙片中老年补钙,173.0,3,"(150,200]",6000,62828,是,是,浙江,宁波,swisse官方海外旗舰店,//detail.tmall.com/item.htm?id=527036337530&ns=1&abbucket=10
74,74,622167618600,TheRoyal泰国皇家进口vc咀嚼片维生素c美白儿童维他命C含片1000粒,49.9,0,"(0,50]",6000,3568,是,是,泰国,泰国,theroyal海外旗舰店,//detail.tmall.com/item.htm?id=622167618600&ns=1&abbucket=10
75,75,582611877993,钙尔奇维生素D钙软胶囊90粒成人液体钙钙片补钙官方旗舰店,79.0,1,"(50,100]",6000,22321,是,是,广东,广州,钙尔奇官方旗舰店,//detail.tmall.com/item.htm?id=582611877993&ns=1&abbucket=10
76,76,558218202934,加拿大Baby Ddrops进口婴儿宝宝复合维生素D3滴剂400IU 90滴*2瓶,199.0,3,"(150,200]",6000,47395,是,是,浙江,杭州,天猫国际进口超市,//detail.tmall.com/item.htm?id=558218202934&ns=1&abbucket=10
77,77,614568138481,民生21金维他多维元素片60片多种复合维生素Bb1b6b2维生素C钙铁锌,41.0,0,"(0,50]",5500,4426,是,是,广东,广州,民生医药旗舰店,//detail.tmall.com/item.htm?id=614568138481&ns=1&abbucket=10
78,78,624523447051,汤臣倍健多种维生素a矿物质b2片男女多维青年成年硒钙片锌b12b族,69.0,1,"(50,100]",5500,1855,是,是,广东,广州,阿里健康大药房,//detail.tmall.com/item.htm?id=624523447051&ns=1&abbucket=10
79,79,621108874017,星鲨维生素D滴剂婴儿维生素D3软胶囊儿童钙婴幼儿新生儿宝宝成人,48.0,0,"(0,50]",5500,2570,是,是,福建,厦门,星鲨旗舰店,//detail.tmall.com/item.htm?id=621108874017&ns=1&abbucket=10
80,80,43844093441,300片康恩贝维生素C咀嚼片vc片维他命c维c含片男女性成人搭天然ve,56.0,1,"(50,100]",5500,89494,是,是,浙江,金华,康恩贝官方旗舰店,//detail.tmall.com/item.htm?id=43844093441&ns=1&abbucket=10
81,81,623902260687,仁和b族维生素多种复合维生素b片维b b1 b2 b6 b12男女性熬夜常备,59.9,1,"(50,100]",5500,1313,是,是,上海,上海,众久旗舰店,//detail.tmall.com/item.htm?id=623902260687&ns=1&abbucket=10
82,82,557909599308,日本桜の物語160粒 买2送1天然维生素E软胶囊维e胶囊ve外涂脸脸部,38.9,0,"(0,50]",5500,153994,是,是,上海,上海,犀牛食品专营店,//detail.tmall.com/item.htm?id=557909599308&ns=1&abbucket=10
83,83,540055701600,朗迪碳酸钙D3颗粒维生素d钙片儿童补钙发育迟缓青少年小儿孕妇,58.0,1,"(50,100]",5000,32984,否,是,广东,广州,阿里健康大药房,//detail.tmall.com/item.htm?id=540055701600&ns=1&abbucket=10
84,84,552295149635,汤臣倍健葡萄籽原花青素vc片维生素c搭e胶原蛋白粉胶囊抗氧化澳洲,168.0,3,"(150,200]",5000,23524,是,是,江苏,南京,汤臣倍健佰健专卖店,//detail.tmall.com/item.htm?id=552295149635&ns=1&abbucket=10
85,85,38604650393,400粒康恩贝钙D软胶囊维生素D液体钙钙片碳酸钙中老年成年女性补,89.0,1,"(50,100]",5000,29665,是,是,浙江,金华,康恩贝官方旗舰店,//detail.tmall.com/item.htm?id=38604650393&ns=1&abbucket=10
86,86,544495484727,vc片维生素c汤臣倍健维生素C橘子味咀嚼片维c含片旗舰店搭维生素e,128.0,2,"(100,150]",5000,32592,是,是,广东,广州,汤臣倍健官方旗舰店,//detail.tmall.com/item.htm?id=544495484727&ns=1&abbucket=10
87,87,538975777749,第2件8折迪巧儿童维D钙咀嚼片60粒碳酸钙青少年钙片小儿钙缺补钙,105.8,2,"(100,150]",5000,36641,是,是,广东,广州,阿里健康大药房,//detail.tmall.com/item.htm?id=538975777749&ns=1&abbucket=10
88,88,599898882367,迪巧小儿补钙片维生素d3儿童碳酸钙女性男青年孕妇乳钙铁锌口溶液,89.0,1,"(50,100]",5000,12119,是,是,浙江,金华,迪巧保健食品旗舰店,//detail.tmall.com/item.htm?id=599898882367&ns=1&abbucket=10
89,89,623796018757,汤臣倍健健乐多维生素b族片vb维b复合维生素b群男女性,58.0,1,"(50,100]",5000,1080,是,是,北京,北京,汤臣倍健霸天下专卖店,//detail.tmall.com/item.htm?id=623796018757&ns=1&abbucket=10
90,90,542510921766,swisse澳洲进口钙片维生素DVD150粒补钙易吸收中老年成人孕妇钙片,108.0,2,"(100,150]",5000,43288,是,是,浙江,宁波,阿里健康海外旗舰店,//detail.tmall.com/item.htm?id=542510921766&ns=1&abbucket=10
91,91,601027894800,【阿里健康官方】FANCL复合多种维生素B族片VB群维生素B2 60粒,59.0,1,"(50,100]",5000,7339,否,是,浙江,宁波,阿里健康海外旗舰店,//detail.tmall.com/item.htm?id=601027894800&ns=1&abbucket=10
92,92,542120405588,养生堂牌天然维生素C咀嚼片vc片 850mg/片*70片 增强免疫力,89.0,1,"(50,100]",5000,18907,是,是,浙江,杭州,养生堂旗舰店,//detail.tmall.com/item.htm?id=542120405588&ns=1&abbucket=10
93,93,544403660984,恒健维生素B6片1000片脂溢性皮炎呕吐唇干裂维生素缺乏症营养不良,36.0,0,"(0,50]",5000,13067,否,是,广东,广州,阿里健康大药房,//detail.tmall.com/item.htm?id=544403660984&ns=1&abbucket=10
94,94,45013908545,美国童年时光维生素C甜橙王子婴儿童维C宝宝VC三驾马车,126.4,2,"(100,150]",4990,57293,是,是,浙江,宁波,童年时光海外旗舰店,//detail.tmall.com/item.htm?id=45013908545&ns=1&abbucket=10
95,95,13951260622,汤臣倍健多种维生素矿物质片男士青年钙片碳酸钙官网旗舰店补锌硒,148.0,2,"(100,150]",4978,19905,是,是,广东,广州,汤臣倍健官方旗舰店,//detail.tmall.com/item.htm?id=13951260622&ns=1&abbucket=10
96,96,596429555488,买2送1】黄金搭档B族维生素片VB复合维生素B男女性b1 b6 b2 b3 b5,45.0,0,"(0,50]",4971,33013,是,是,江苏,无锡,黄金搭档官方旗舰店,//detail.tmall.com/item.htm?id=596429555488&ns=1&abbucket=10
97,97,13324051920,汤臣倍健女士复合多种维生素A矿物质片钙片碳酸钙女性成人旗舰店,148.0,2,"(100,150]",4904,17643,是,是,广东,广州,汤臣倍健官方旗舰店,//detail.tmall.com/item.htm?id=13324051920&ns=1&abbucket=10
98,98,617455351635,修正碳酸钙青少年生长15学生厘米神器钙片成年没激素长高个子产品,79.9,1,"(50,100]",4897,3040,是,是,浙江,杭州,修正官方旗舰店,//detail.tmall.com/item.htm?id=617455351635&ns=1&abbucket=10
99,99,559462451675,3瓶]汤臣倍健褪黑素片安瓶助改善失眠安深度睡眠片神退褪黑色素片,86.0,1,"(50,100]",4884,35742,是,是,上海,上海,汤臣倍健健领专卖店,//detail.tmall.com/item.htm?id=559462451675&ns=1&abbucket=10
100,100,591774514218,力生 复合维生素B片100片/盒 维生素缺乏症脚气矿物质缺乏症厌食,6.4,0,"(0,50]",4867,16213,否,是,广东,广州,阿里健康大药房,//detail.tmall.com/item.htm?id=591774514218&ns=1&abbucket=10
101,101,543490112212,恒健维生素C片VC 维C100片补充维生素C妊娠呕吐发少发黄vc片药用,5.0,0,"(0,50]",4847,67115,否,是,广东,广州,阿里健康大药房,//detail.tmall.com/item.htm?id=543490112212&ns=1&abbucket=10
102,102,600736789855,康纽莱 B族维生素片 复合维生素b vb b1 b2 b6 喝酒加班熬夜常备,29.9,0,"(0,50]",4838,15609,是,是,广东,广州,康纽莱保健品旗舰店,//detail.tmall.com/item.htm?id=600736789855&ns=1&abbucket=10
103,103,584337149554,汤臣倍健维生素E软胶囊ve可外用涂脸脸部油乳搭vc片,48.0,0,"(0,50]",4820,29933,是,是,上海,上海,汤臣倍健健领专卖店,//detail.tmall.com/item.htm?id=584337149554&ns=1&abbucket=10
104,104,538371509722,拜耳力度伸维C泡腾片30片橙味增强抵抗力补充维生素C感冒vc片泡腾,65.0,1,"(50,100]",4807,25431,是,是,广东,广州,阿里健康大药房,//detail.tmall.com/item.htm?id=538371509722&ns=1&abbucket=10
105,105,612043986009,丽贵lilcritters进口小熊软糖宝宝多维c小黄人儿童复合多种维生素,188.0,3,"(150,200]",4771,944,是,是,上海,上海,lilcritters海外旗舰店,//detail.tmall.com/item.htm?id=612043986009&ns=1&abbucket=10
106,106,581983485872,【保税仓发货】老爸评测d3滴剂ddrops测评维生素d3婴幼儿VD90滴,104.0,2,"(100,150]",4686,35247,是,否,浙江,金华,daddylab,//item.taobao.com/item.htm?id=581983485872&ns=1&abbucket=10#detail
107,107,559063108028,5瓶12元】维福佳维生素C片100片 预防坏血病辅助治疗传染病VC,7.4,0,"(0,50]",4644,1007,是,是,江苏,南京,上元堂大药房旗舰店,//detail.tmall.com/item.htm?id=559063108028&ns=1&abbucket=10
108,108,560405751006,【买60片赠60片】养生堂vb复合维生素b族多种维生素b1b2b6b12,108.0,2,"(100,150]",4635,15087,是,是,浙江,杭州,养生堂旗舰店,//detail.tmall.com/item.htm?id=560405751006&ns=1&abbucket=10
109,109,559146947076,养生堂天然维生素E软胶囊100粒vc15片维生素c正品增强免疫力美容,99.0,1,"(50,100]",4597,35418,是,是,广东,广州,阿里健康大药房,//detail.tmall.com/item.htm?id=559146947076&ns=1&abbucket=10
110,110,623629777656,仁和钙维生素D咀嚼片青少年儿童成长钙片补碳酸钙男长高学生产品,39.9,0,"(0,50]",4578,4864,是,是,江西,抚州,麦瓴保健食品专营店,//detail.tmall.com/item.htm?id=623629777656&ns=1&abbucket=10
111,111,596959552708,御信堂维生素E软胶囊嫩白补充VE内外用涂抹脸面部可搭配VC 拍1发3,108.0,2,"(100,150]",4577,24721,是,是,山东,威海,海纳百川食品专营店,//detail.tmall.com/item.htm?id=596959552708&ns=1&abbucket=10
112,112,611126949938,【直营】泰国进口PATAR葩塔VC维生素C咀嚼片1000粒儿童维他命vc片,78.0,1,"(50,100]",4540,6143,是,是,上海,上海,天猫国际进口超市国内现货,//detail.tmall.com/item.htm?id=611126949938&ns=1&abbucket=10
113,113,578222736572,【正品】澳洲cenovis萃益维维生素c咀嚼片美白无糖VC片300粒/瓶,99.0,1,"(50,100]",4516,14832,是,是,浙江,杭州,cenovis海外旗舰店,//detail.tmall.com/item.htm?id=578222736572&ns=1&abbucket=10
114,114,559266983286,5盒20包邮】维福佳 维生素B6片 100片 b6缺乏症 脂溢性皮炎唇干裂,8.6,0,"(0,50]",4516,1219,是,是,江苏,南京,上元堂大药房旗舰店,//detail.tmall.com/item.htm?id=559266983286&ns=1&abbucket=10
115,115,587028068815,21金维他复合维生素E+C咀嚼片60片多维维生素C多种女性VE维他命C,59.8,1,"(50,100]",4507,2736,是,是,浙江,杭州,21金维他旗舰店,//detail.tmall.com/item.htm?id=587028068815&ns=1&abbucket=10
116,116,585801042777,雅博人 ve维E软胶囊100粒VE内服维生素e涂脸脸部油搭VCvc含片鱼油,29.9,0,"(0,50]",4481,11616,是,是,广东,广州,雅博人旗舰店,//detail.tmall.com/item.htm?id=585801042777&ns=1&abbucket=10
117,117,619963319233,御信堂维生素E软胶囊嫩白补充VE内外用涂抹脸面部可搭配VC,39.0,0,"(0,50]",4471,4456,是,是,山东,威海,御信堂保健食品旗舰店,//detail.tmall.com/item.htm?id=619963319233&ns=1&abbucket=10
118,118,559172135125,美国 Baby Ddrops 婴儿维生素D3 宝宝补钙滴剂400IU 2.5ml 90滴,109.0,2,"(100,150]",4461,31529,是,是,浙江,宁波,阿里健康海外旗舰店,//detail.tmall.com/item.htm?id=559172135125&ns=1&abbucket=10
119,119,10798603202,康恩贝维生素E软胶囊ve油外用面部维e外涂脸脸部搭美容祛斑保健品,39.9,0,"(0,50]",4261,68139,是,是,浙江,金华,康恩贝官方旗舰店,//detail.tmall.com/item.htm?id=10798603202&ns=1&abbucket=10
120,120,612099534461,中粮可益康天灿维生素C咀嚼片1.0g/片*100片 含片成人补充维生素C,39.9,0,"(0,50]",4231,3298,是,是,江苏,无锡,欧施凯食品专营店,//detail.tmall.com/item.htm?id=612099534461&ns=1&abbucket=10
121,121,537179965372,汤臣倍健复合多种维生素A钙片碳酸钙男青年B12b族维c片官方旗舰店,128.0,2,"(100,150]",4125,11679,是,是,北京,北京,汤臣倍健众华朗臣专卖店,//detail.tmall.com/item.htm?id=537179965372&ns=1&abbucket=10
122,122,615930322763,海王0.8g/片*100片维生素c甜橙味咀嚼片维他命C含片男女VC片维片,19.9,0,"(0,50]",4025,860,是,是,浙江,杭州,海王奔腾专卖店,//detail.tmall.com/item.htm?id=615930322763&ns=1&abbucket=10
123,123,615425990247,买2送1修正维生素C咀嚼片vc片维他命c含片成人男女高含量维c搭ve,9.9,0,"(0,50]",3971,11607,是,是,浙江,杭州,修正官方旗舰店,//detail.tmall.com/item.htm?id=615425990247&ns=1&abbucket=10
124,124,544299909418,2盒】达因伊可新维生素AD滴剂(胶囊型)0-1岁50粒婴幼儿儿童抽筋,124.0,2,"(100,150]",3908,15813,是,是,广东,广州,阿里健康大药房,//detail.tmall.com/item.htm?id=544299909418&ns=1&abbucket=10
125,125,606197641198,维生素E软胶囊 可面部外用VE 淡化痘印延缓衰老  维e胶囊维他命E,19.9,0,"(0,50]",3890,3200,是,是,浙江,杭州,长生谷滋补养生专营店,//detail.tmall.com/item.htm?id=606197641198&ns=1&abbucket=10
126,126,618844043338,康恩贝维生素b族维b复合vb多种b1片b12熬夜b6女性b2女士男维生b,35.0,0,"(0,50]",3882,2148,是,是,浙江,杭州,米恒保健食品专营店,//detail.tmall.com/item.htm?id=618844043338&ns=1&abbucket=10
127,127,43805266505,买2送1买3送2改善睡眠修正牌褪黑素胶囊安瓶安神助眠褪黑色素胶囊,45.0,0,"(0,50]",3836,60986,是,是,浙江,杭州,修正官方旗舰店,//detail.tmall.com/item.htm?id=43805266505&ns=1&abbucket=10
128,128,621322147067,vitabiotics多维片复合维生素 女性矿物质片维生素b族月见草胶囊,79.0,1,"(50,100]",3801,1089,是,是,浙江,杭州,vitabiotics保健品海外旗,//detail.tmall.com/item.htm?id=621322147067&ns=1&abbucket=10
129,129,559477827478,vc汤臣倍健维生素c咀嚼片男女维C维他命C含片搭天然VE粉泡腾泡片,98.0,1,"(50,100]",3694,17842,是,是,广东,广州,阿里健康大药房,//detail.tmall.com/item.htm?id=559477827478&ns=1&abbucket=10
130,130,44868569115,养生堂牌天然维生素C咀嚼片vc片 850mg/片*130片 增强免疫力,148.0,2,"(100,150]",3670,18775,是,是,浙江,杭州,养生堂旗舰店,//detail.tmall.com/item.htm?id=44868569115&ns=1&abbucket=10
131,131,573119944498,低至4元/盒】维福佳 维生素B6片 100片 脂溢性皮炎唇干裂妊娠呕吐,8.6,0,"(0,50]",3635,968,是,是,广东,广州,康爱多大药房旗舰店,//detail.tmall.com/item.htm?id=573119944498&ns=1&abbucket=10
132,132,618410916016,康恩贝维生素e软胶囊ve油外用面部补充维e涂脸脸部美容祛斑保健品,39.9,0,"(0,50]",3619,1991,是,是,浙江,金华,康恩贝官方旗舰店,//detail.tmall.com/item.htm?id=618410916016&ns=1&abbucket=10
133,133,545608391230,汤臣倍健葡萄籽VC片维生素C加E抗氧化保健品非澳洲胶原蛋白粉胶囊,168.0,3,"(150,200]",3618,21048,是,是,北京,北京,汤臣倍健众华朗臣专卖店,//detail.tmall.com/item.htm?id=545608391230&ns=1&abbucket=10
134,134,626209589753,益体健水果味儿童多种维生素软糖VC钙原果汁休闲糖果qq糖网红零食,25.1,0,"(0,50]",3605,1038,是,是,广东,广州,益体健旗舰店,//detail.tmall.com/item.htm?id=626209589753&ns=1&abbucket=10
135,135,523161412901,汤臣倍健液体钙软胶囊碳酸钙维生素DK成人男女补钙片,94.0,1,"(50,100]",3578,42155,否,是,上海,上海,天猫超市,//detail.tmall.com/item.htm?id=523161412901&ns=1&abbucket=10
136,136,599628797270,jamieson健美生维生素C咀嚼片进口天然VC片混合浆果味60片 2瓶装,99.0,1,"(50,100]",3535,677,是,是,湖北,武汉,jamieson健美生旗舰店,//detail.tmall.com/item.htm?id=599628797270&ns=1&abbucket=10
137,137,544202656156,妙手维生素B2片1000片舌炎脂溢性皮炎嘴唇干裂维生素缺乏症口角炎,17.6,0,"(0,50]",3534,17420,否,是,广东,广州,阿里健康大药房,//detail.tmall.com/item.htm?id=544202656156&ns=1&abbucket=10
138,138,544602591037,加拿大ddrops维生素D3滴剂婴幼儿液体补钙防90滴2.5ml婴儿宝宝,115.0,2,"(100,150]",3500,60091,是,是,浙江,杭州,天猫国际进口超市,//detail.tmall.com/item.htm?id=544602591037&ns=1&abbucket=10
139,139,538051139577,汤臣倍健维生素b族片复合维生素b2b6b12男女性官方旗舰店vb1族,142.0,2,"(100,150]",3471,39108,是,是,上海,上海,汤臣倍健健领专卖店,//detail.tmall.com/item.htm?id=538051139577&ns=1&abbucket=10
140,140,608204929690,纽斯葆维生素C片提免疫100片维CVC含片非咀嚼片vc片成人维生素c片,104.9,2,"(100,150]",3385,10224,是,是,广东,广州,纽斯葆旗舰店,//detail.tmall.com/item.htm?id=608204929690&ns=1&abbucket=10
141,141,611201056037,阿里健康维C泡腾片固体饮料维生素c维他命VC冲**甜橙儿童成人,19.9,0,"(0,50]",3305,3213,是,是,广东,广州,阿里健康大药房,//detail.tmall.com/item.htm?id=611201056037&ns=1&abbucket=10
142,142,545213203714,养生堂牌天然维生素E软胶囊200粒ve内服外用正品美容祛斑延缓衰老,148.0,2,"(100,150]",3304,30039,是,是,广东,广州,阿里健康大药房,//detail.tmall.com/item.htm?id=545213203714&ns=1&abbucket=10
143,143,594334872812,红桃K 维生素C果胶软糖维C植物凝胶易嚼糖果儿童成人VC维C不含糖,24.8,0,"(0,50]",3288,9954,是,是,湖北,武汉,红桃k官方旗舰店,//detail.tmall.com/item.htm?id=594334872812&ns=1&abbucket=10
144,144,595304504374,拍3发400粒】升级维生素E软胶囊正品搭vc天然ve维e油外用涂脸面部,8.9,0,"(0,50]",3280,13327,是,是,吉林,长春,岚卡保健品专营店,//detail.tmall.com/item.htm?id=595304504374&ns=1&abbucket=10
145,145,542304880030,XINWUFENG 谷维素片10mg*100片/瓶 维生素缺乏症更年期综合症紧张,12.5,0,"(0,50]",3278,8457,否,是,广东,广州,阿里健康大药房,//detail.tmall.com/item.htm?id=542304880030&ns=1&abbucket=10
146,146,540651744011,汤臣倍健多种儿童维生素c咀嚼片钙铁锌复合元素片增强vb族免疫力,121.0,2,"(100,150]",3269,19599,是,是,江苏,南京,汤臣倍健佰健专卖店,//detail.tmall.com/item.htm?id=540651744011&ns=1&abbucket=10
147,147,625033187420,南京同仁堂 维生素b多种复合维生素b族片vb咀嚼片b1 b2 b6 b12维b,42.9,0,"(0,50]",3248,1345,是,是,湖南,衡阳,乐家老铺丰赢专卖店,//detail.tmall.com/item.htm?id=625033187420&ns=1&abbucket=10
148,148,531815006391,elevit爱乐维复合维生素孕妇叶酸片天猫孕妇备孕助怀孕调理爱维乐,378.0,7,"(350,400]",3213,10061,是,是,广东,广州,拜耳健康消费品旗舰店,//detail.tmall.com/item.htm?id=531815006391&ns=1&abbucket=10
149,149,45013920220,童年时光多维锌 儿童复合维生素23种 多种维生素  婴幼儿宝宝补锌,182.4,3,"(150,200]",3163,40068,是,是,浙江,宁波,童年时光海外旗舰店,//detail.tmall.com/item.htm?id=45013920220&ns=1&abbucket=10
150,150,594037660018,杰瑞婷维生素C咀嚼片 天然VE软胶囊 vc含片配钙维D成人补钙100片,19.9,0,"(0,50]",3130,23131,是,是,北京,北京,华达杰瑞保健食品专营,//detail.tmall.com/item.htm?id=594037660018&ns=1&abbucket=10
151,151,556399807447,澳洲进口swisse斯维诗钙片150粒vd维生素D中老年成人孕妇钙娘娘钙,135.0,2,"(100,150]",3074,15402,是,是,浙江,宁波,阿里健康海外旗舰店,//detail.tmall.com/item.htm?id=556399807447&ns=1&abbucket=10
152,152,589740606345,300粒修正牌维生素E软胶囊维e外用涂脸脸部面部ve搭vc片维生素C,79.8,1,"(50,100]",3039,26827,是,是,浙江,杭州,修正官方旗舰店,//detail.tmall.com/item.htm?id=589740606345&ns=1&abbucket=10
153,153,520906396313,【2瓶装】修正B族维生素片复合维生素b 维b b1 b2 b6 b12熬夜常备,68.0,1,"(50,100]",3014,10671,是,是,浙江,杭州,修正官方旗舰店,//detail.tmall.com/item.htm?id=520906396313&ns=1&abbucket=10
154,154,615233847455,钙尔奇女性钙片钙铁锌维生素C维生素K片30粒女钙新品,71.1,1,"(50,100]",2929,3671,是,是,广东,广州,钙尔奇官方旗舰店,//detail.tmall.com/item.htm?id=615233847455&ns=1&abbucket=10
155,155,579155670237,2盒惠氏官方钙尔奇碳酸钙d孕妇成人哺乳期补钙维生素D3中老年钙片,158.4,3,"(150,200]",2929,578,是,是,广东,广州,惠氏药品旗舰店,//detail.tmall.com/item.htm?id=579155670237&ns=1&abbucket=10
156,156,604579195575,碳酸钙维生素D3胶囊儿童青少年成人孕妇长中老年腿抽筋高液体钙片,19.9,0,"(0,50]",2923,2437,是,是,河南,商丘,天使艾美旗舰店,//detail.tmall.com/item.htm?id=604579195575&ns=1&abbucket=10
157,157,43882535606,童年时光有机d3滴剂婴幼儿baby维生素d儿童vd3婴儿宝宝drops助长,126.4,2,"(100,150]",2907,0,是,是,浙江,宁波,童年时光海外旗舰店,//detail.tmall.com/item.htm?id=43882535606&ns=1&abbucket=10
158,158,617902180476,swisse钙片维生素d3澳洲进口娘娘孕妇钙维D成人中老年青少年长高,99.0,1,"(50,100]",2840,6054,是,是,湖南,长沙,湖南恒康大药房旗舰店,//detail.tmall.com/item.htm?id=617902180476&ns=1&abbucket=10
159,159,45802959113,修正 钙加维生素D软胶囊60粒 成人中老年补钙片旗舰店官网正品,19.9,0,"(0,50]",2833,8289,是,是,浙江,金华,修正官方旗舰店,//detail.tmall.com/item.htm?id=45802959113&ns=1&abbucket=10
160,160,601113864834,8.9元抢买3送1】维生素e软胶囊维e外用乳油ve面部天ve搭维生素c然,8.9,0,"(0,50]",2827,5528,是,是,山东,东营,融创保健食品专营店,//detail.tmall.com/item.htm?id=601113864834&ns=1&abbucket=10
161,161,563659789336,5盒33】维福佳复合维生素b片otc 100片补充vb营养不良治脚气包邮,7.0,0,"(0,50]",2803,583,是,是,江苏,南京,上元堂大药房旗舰店,//detail.tmall.com/item.htm?id=563659789336&ns=1&abbucket=10
162,162,567231415659,善存多种复合维生素矿物质80片含维生素ceb女士成人官方旗舰店,198.0,3,"(150,200]",2742,10759,是,是,广东,广州,善存官方旗舰店,//detail.tmall.com/item.htm?id=567231415659&ns=1&abbucket=10
163,163,522934549599,Cenovis维生素C无糖咀嚼精华片维他命成人VC含片男女澳洲维c300粒,144.0,2,"(100,150]",2738,27301,是,是,澳大利亚,澳大利亚,chemistwarehouse海外旗舰,//detail.tmall.com/item.htm?id=522934549599&ns=1&abbucket=10
164,164,544231464287,颐康金维多维元素片(21)80片补充维生素矿物质发育迟缓手足抽搐,15.9,0,"(0,50]",2735,10592,否,是,广东,广州,阿里健康大药房,//detail.tmall.com/item.htm?id=544231464287&ns=1&abbucket=10
165,165,544429977815,白敬宇复合维生素B片100片/瓶营养不良维生素缺乏症厌食发育迟缓,10.0,0,"(0,50]",2713,6446,否,是,广东,广州,阿里健康大药房,//detail.tmall.com/item.htm?id=544429977815&ns=1&abbucket=10
166,166,537923848495,汤臣倍健女士复合多种维生素a钙片碳酸钙女性补钙成年综合c片B族,128.0,2,"(100,150]",2689,7494,是,是,北京,北京,汤臣倍健众华朗臣专卖店,//detail.tmall.com/item.htm?id=537923848495&ns=1&abbucket=10
167,167,593564341311,3盒装】星鲨维生素D滴剂（胶囊型）30粒维生素DVD佝偻病儿童补钙,135.0,2,"(100,150]",2680,2553,是,是,广东,广州,阿里健康大药房,//detail.tmall.com/item.htm?id=593564341311&ns=1&abbucket=10
168,168,520624531813,星鲨维生素d婴儿d3星鲨d3钙维生素d3胶囊d3维生素星沙d3,225.0,4,"(200,250]",2675,482,是,是,安徽,合肥,国胜大药房旗舰店,//detail.tmall.com/item.htm?id=520624531813&ns=1&abbucket=10
169,169,614192369019,泰国进口PATAR葩塔正品VC维生素C咀嚼片1000粒儿童维他命vc片糖果,68.9,1,"(50,100]",2639,12046,是,否,广东,深圳,mryuan,//item.taobao.com/item.htm?id=614192369019&ns=1&abbucket=10#detail
170,170,571625170279,美国ddrops维生素婴儿童d3滴剂1岁以上幼儿宝宝vd3补钙剂维d 600,79.0,1,"(50,100]",2619,21077,是,否,上海,上海,yufang0188,//item.taobao.com/item.htm?id=571625170279&ns=1&abbucket=10#detail
171,171,40404683150,美国baby ddrops维生素婴儿童d3滴剂宝宝新生幼儿滴vd3补钙剂维d,81.0,1,"(50,100]",2617,26018,是,否,上海,上海,yufang0188,//item.taobao.com/item.htm?id=40404683150&ns=1&abbucket=10#detail
172,172,559921654454,钙尔奇钙片碳酸钙中老年人成年男女性补钙官方官网旗舰店维生素d3,101.0,2,"(100,150]",2610,19778,是,是,上海,上海,铸塔保健品专营店,//detail.tmall.com/item.htm?id=559921654454&ns=1&abbucket=10
173,173,597368638711,修正维生素E软胶囊天然内服外用涂脸面部VE胶囊搭祛痘印祛斑霜VC,39.8,0,"(0,50]",2605,5909,是,是,广东,广州,阿里健康大药房,//detail.tmall.com/item.htm?id=597368638711&ns=1&abbucket=10
174,174,611969973970,益普利生维生素c咀嚼片100片/瓶vc片维生素c维生素e含片vb维c片ZY,11.9,0,"(0,50]",2597,3146,是,是,山东,济南,益普利生官方旗舰店,//detail.tmall.com/item.htm?id=611969973970&ns=1&abbucket=10
175,175,538348293482,来益天然维生素E软胶囊心脑血管60粒习惯性流产辅助治疗不孕症,43.2,0,"(0,50]",2581,18677,否,是,广东,广州,阿里健康大药房,//detail.tmall.com/item.htm?id=538348293482&ns=1&abbucket=10
176,176,542004585422,CHENPON维生素B2片5mg*100片/瓶舌炎阴囊炎结膜炎唇干裂口角炎,7.9,0,"(0,50]",2564,14671,否,是,广东,广州,阿里健康大药房,//detail.tmall.com/item.htm?id=542004585422&ns=1&abbucket=10
177,177,542508957473,养生堂天然ve维生素E软胶囊 250mg/粒*100粒+70片维生素C,179.0,3,"(150,200]",2546,16771,是,是,浙江,杭州,养生堂旗舰店,//detail.tmall.com/item.htm?id=542508957473&ns=1&abbucket=10
178,178,545189927764,金斯利安叶酸片 天猫斯利安孕妇孕期钙铁锌复合维生素多维30片,89.0,1,"(50,100]",2543,2169,是,是,广东,广州,阿里健康大药房,//detail.tmall.com/item.htm?id=545189927764&ns=1&abbucket=10
179,179,563692940353,240片 汤臣倍健维生素C片120片*2瓶成人vc维他命c咀嚼片 可搭配ve,98.0,1,"(50,100]",2505,9836,否,是,上海,上海,天猫超市,//detail.tmall.com/item.htm?id=563692940353&ns=1&abbucket=10
180,180,13050437239,汤臣倍健B族维生素片复合Vb2b6B12成人旗舰店官网男女士搭褪黑素,161.0,3,"(150,200]",2489,17325,是,是,广东,广州,汤臣倍健官方旗舰店,//detail.tmall.com/item.htm?id=13050437239&ns=1&abbucket=10
181,181,12367279426,2瓶*100片康恩贝维生素C咀嚼片VC维c含片男女性成人咀嚼片,35.0,0,"(0,50]",2480,17792,是,是,浙江,金华,康恩贝官方旗舰店,//detail.tmall.com/item.htm?id=12367279426&ns=1&abbucket=10
182,182,617537431018,100片康恩贝维生素C咀嚼片香橙味维他命含片VC增强免疫坏血病,18.9,0,"(0,50]",2462,501,否,是,上海,上海,够实惠旗舰店,//detail.tmall.com/item.htm?id=617537431018&ns=1&abbucket=10
183,183,43231663839,来益牌天然维生素E软胶囊维e生育酚官方旗舰店ve抗氧化男女保健品,29.0,0,"(0,50]",2431,6157,是,是,上海,上海,来益旗舰店,//detail.tmall.com/item.htm?id=43231663839&ns=1&abbucket=10
184,184,539729700229,小施尔康小儿多维生素咀嚼片生长期30片*1瓶/盒补充维生素儿童,29.0,0,"(0,50]",2430,10872,否,是,广东,广州,阿里健康大药房,//detail.tmall.com/item.htm?id=539729700229&ns=1&abbucket=10
185,185,614097016448,康恩贝B族维生素片多种维生素b复合b1 b6 b2 b12男女性vb 维生素b,39.89,0,"(0,50]",2409,2039,否,是,广东,广州,阿里健康大药房,//detail.tmall.com/item.htm?id=614097016448&ns=1&abbucket=10
186,186,544476868501,恒健维生素B2片100片维生素缺乏脂溢性皮炎结膜炎口角炎舌炎干裂,9.9,0,"(0,50]",2396,12466,否,是,广东,广州,阿里健康大药房,//detail.tmall.com/item.htm?id=544476868501&ns=1&abbucket=10
187,187,576461321343,华晨宇同款澳洲cenovis萃益维复合维生素b族片vb200片熬夜b6b7b12,159.0,3,"(150,200]",2351,8493,是,是,浙江,杭州,cenovis海外旗舰店,//detail.tmall.com/item.htm?id=576461321343&ns=1&abbucket=10
188,188,520168483937,2件9折善存佳维片复合维生素矿物质1.7g*120片补多种营养成人,129.0,2,"(100,150]",2321,5446,否,是,上海,上海,天猫超市,//detail.tmall.com/item.htm?id=520168483937&ns=1&abbucket=10
189,189,622712055735,一正 维生素C咀嚼片vc片维他命c含片成人男女甜橙味维c 0.8g*60片,13.8,0,"(0,50]",2312,1371,是,是,吉林,四平,一正滋补养生旗舰店,//detail.tmall.com/item.htm?id=622712055735&ns=1&abbucket=10
190,190,561810727242,养生堂天然维生素C咀嚼片*12片有机樱桃天然vc儿童成人增强免疫,39.0,0,"(0,50]",2300,1274,否,是,上海,上海,天猫超市,//detail.tmall.com/item.htm?id=561810727242&ns=1&abbucket=10
191,191,563813050073,包邮】维福佳维生素b2片100片女维生素b2缺乏口角炎阴囊炎结膜炎,10.0,0,"(0,50]",2295,457,是,是,江苏,南京,上元堂大药房旗舰店,//detail.tmall.com/item.htm?id=563813050073&ns=1&abbucket=10
192,192,590281938124,修正维生素E软胶囊ve内服外用面部外涂脸部维e油搭VC维生素C,29.9,0,"(0,50]",2267,10122,是,是,浙江,金华,希希林保健品专营店,//detail.tmall.com/item.htm?id=590281938124&ns=1&abbucket=10
193,193,625831871321,蜜牙贝贝维生素C泡腾片儿童成人维他命c含片vc咀嚼片补充维c,28.6,0,"(0,50]",2263,707,是,是,山东,临沂,蜜牙贝贝保健食品专营店,//detail.tmall.com/item.htm?id=625831871321&ns=1&abbucket=10
194,194,611006894742,康恩贝儿童学生小孩维生素c维c片vc片咀嚼片维他命C非天然维C软糖,24.8,0,"(0,50]",2227,3814,是,是,浙江,金华,康恩贝官方旗舰店,//detail.tmall.com/item.htm?id=611006894742&ns=1&abbucket=10
195,195,538661802280,维生素e软胶囊维eve胶囊内服外用脸部搭配vc片维生素c咀嚼片维c片,9.9,0,"(0,50]",2162,77007,是,是,山东,青岛,易生美旗舰店,//detail.tmall.com/item.htm?id=538661802280&ns=1&abbucket=10
196,196,552233932770,养生堂牌天然维生素E软胶囊VE100粒+VC维生素C旗舰店官网正品,99.0,1,"(50,100]",2148,3392,是,是,浙江,杭州,聚贝保健品专营店,//detail.tmall.com/item.htm?id=552233932770&ns=1&abbucket=10
197,197,601728839195,生命力维生素E软胶囊100粒VE维e内服外用ve可塔美容修复面膜vc,29.9,0,"(0,50]",2124,5227,是,是,广东,惠州,生命力旗舰店,//detail.tmall.com/item.htm?id=601728839195&ns=1&abbucket=10
198,198,539429816293,民生21金维他多维元素片60片儿童成人男女补充复合维c维b6维e,39.0,0,"(0,50]",2120,24311,否,是,广东,广州,阿里健康大药房,//detail.tmall.com/item.htm?id=539429816293&ns=1&abbucket=10
199,199,539376127930,汤臣倍健维生素C咀嚼片vc片天然维生素e软胶囊ve礼盒装官方旗舰店,128.0,2,"(100,150]",2119,30254,是,是,广东,广州,汤臣倍健官方旗舰店,//detail.tmall.com/item.htm?id=539376127930&ns=1&abbucket=10
200,200,562165040101,韩国济州岛柑橘橘子vc酸奶维生素vc片维他命儿童成人咀嚼片蓝莓味,85.0,1,"(50,100]",2113,21532,是,否,韩国,韩国,mina米娜风尚,//item.taobao.com/item.htm?id=562165040101&ns=1&abbucket=10#detail
201,201,526523549897,泡腾片维生素c泡腾泡片饮料复合儿童维生素他命气泡水vc维c泡腾片,12.9,0,"(0,50]",2084,10483,是,是,广东,深圳,施罗德旗舰店,//detail.tmall.com/item.htm?id=526523549897&ns=1&abbucket=10
202,202,523394877595,康恩贝β-胡萝卜素软胶囊男女VA维生素a维a搭药店护眼保健品明目,51.8,1,"(50,100]",2069,18236,是,是,浙江,金华,康恩贝官方旗舰店,//detail.tmall.com/item.htm?id=523394877595&ns=1&abbucket=10
203,203,522994066910,汤臣倍健液体钙片k2碳酸钙维生素d中老年青少年成年孕妇女性官方,212.4,4,"(200,250]",2066,14213,是,是,广东,广州,汤臣倍健官方旗舰店,//detail.tmall.com/item.htm?id=522994066910&ns=1&abbucket=10
204,204,524331550090,jamieson健美生维生素c咀嚼片维c儿童成人vc片果肉c含片美白120片,89.0,1,"(50,100]",2064,33908,是,是,浙江,杭州,jamieson健美生海外旗舰店,//detail.tmall.com/item.htm?id=524331550090&ns=1&abbucket=10
205,205,540345630256,达因伊可新维生素AD滴剂50粒(1岁以上)夜盲儿童婴幼儿AD 伊可欣,62.0,1,"(50,100]",2052,14510,否,是,广东,广州,阿里健康大药房,//detail.tmall.com/item.htm?id=540345630256&ns=1&abbucket=10
206,206,40482668956,低至5.9】恒健 复合维生素B片 100片营养不良厌食脚气糙皮病口臭,7.9,0,"(0,50]",2050,348,是,是,广东,广州,康爱多大药房旗舰店,//detail.tmall.com/item.htm?id=40482668956&ns=1&abbucket=10
207,207,35053353290,实发3瓶】康恩贝钙D软胶囊维生素d液体钙中老年补钙片碳酸钙成年,69.0,1,"(50,100]",2049,19593,是,是,浙江,杭州,康恩贝保健品专营店,//detail.tmall.com/item.htm?id=35053353290&ns=1&abbucket=10
208,208,617837658535,迪巧儿童维生素D维生素K2咀嚼青少年小儿碳酸钙学生搭长高补钙片,199.0,3,"(150,200]",2033,1568,是,是,广东,广州,迪巧官方旗舰店,//detail.tmall.com/item.htm?id=617837658535&ns=1&abbucket=10
209,209,537544897749,汤臣倍健维生素b族片复合维他命b1b2b6b12男女性官方旗舰店熬夜vb,142.0,2,"(100,150]",2027,24274,是,是,江苏,南京,汤臣倍健佰健专卖店,//detail.tmall.com/item.htm?id=537544897749&ns=1&abbucket=10
210,210,540021743797,星鲨维生素D滴剂(胶囊型)24粒佝偻病维生素D缺乏症发育迟缓补钙,36.0,0,"(0,50]",2026,20580,否,是,广东,广州,阿里健康大药房,//detail.tmall.com/item.htm?id=540021743797&ns=1&abbucket=10
211,211,553901539848,400粒-汤臣倍健液体钙k2碳酸钙维生素d旗舰店中老年儿童钙片官方,59.0,1,"(50,100]",2018,2994,是,是,浙江,杭州,尚动食品专营店,//detail.tmall.com/item.htm?id=553901539848&ns=1&abbucket=10
212,212,565105713861,钙尔奇中老年钙添佳片198片维生素D成人补钙碳酸钙钙片官方旗舰店,134.0,2,"(100,150]",2005,17160,是,是,广东,广州,钙尔奇官方旗舰店,//detail.tmall.com/item.htm?id=565105713861&ns=1&abbucket=10
213,213,578866097447,【屈臣氏】10支200片肌维他泡腾片维生素VC维他命儿童成人补充维C,29.9,0,"(0,50]",2001,16178,是,是,江苏,苏州,屈臣氏大药房旗舰店,//detail.tmall.com/item.htm?id=578866097447&ns=1&abbucket=10
214,214,567145214705,善存多种复合维生素矿物质80片含维生素cbe男士成人官方旗舰店,198.0,3,"(150,200]",1996,7136,是,是,广东,广州,善存官方旗舰店,//detail.tmall.com/item.htm?id=567145214705&ns=1&abbucket=10
215,215,625480836073,【明星同款】FANCL2020升级版女性综合营养包复合多种维生素b族,239.0,4,"(200,250]",1968,399,是,是,浙江,宁波,fanclhealthscience海外,//detail.tmall.com/item.htm?id=625480836073&ns=1&abbucket=10
216,216,544602531205,加拿大ddrops维生素D3滴剂婴幼儿600iu液体补钙防佝偻2.8ml,98.0,1,"(50,100]",1954,7232,是,是,浙江,杭州,天猫国际进口超市,//detail.tmall.com/item.htm?id=544602531205&ns=1&abbucket=10
217,217,600831504092,汤臣倍健B族维生素片50片+维C加E30片复合维生素男女综合b6b12,52.0,1,"(50,100]",1946,3134,否,是,上海,上海,天猫超市,//detail.tmall.com/item.htm?id=600831504092&ns=1&abbucket=10
218,218,612000043686,200粒修正维生素E软胶囊维e外用涂脸脸部面部ve搭vc片维生素C,59.9,1,"(50,100]",1916,6396,是,是,浙江,杭州,修正官方旗舰店,//detail.tmall.com/item.htm?id=612000043686&ns=1&abbucket=10
219,219,596259688623,21金维他钙镁维D钙片60片碳酸钙青少年补钙中老年维生素D钙片,69.8,1,"(50,100]",1916,2659,是,是,浙江,杭州,21金维他旗舰店,//detail.tmall.com/item.htm?id=596259688623&ns=1&abbucket=10
220,220,556508439189,澳洲bioisland进口成人牛乳钙孕妇中老年钙片维生素胶囊150粒/瓶,159.0,3,"(150,200]",1896,28754,是,是,浙江,杭州,天猫国际进口超市,//detail.tmall.com/item.htm?id=556508439189&ns=1&abbucket=10
221,221,612015047616,2瓶 天然维生素e维e软胶囊ve内服外用面部外涂脸脸部油搭c片含片,59.9,1,"(50,100]",1895,5021,是,是,上海,上海,众久旗舰店,//detail.tmall.com/item.htm?id=612015047616&ns=1&abbucket=10
222,222,43847925353,7支140片康恩贝维生素C泡腾片饮料泡腾维c片VC儿童维他命沸腾泡片,69.0,1,"(50,100]",1884,12247,是,是,浙江,金华,康恩贝官方旗舰店,//detail.tmall.com/item.htm?id=43847925353&ns=1&abbucket=10
223,223,524432803461,Swisse斯维诗维生素vd钙片孕妇娘娘钙中老青少年成人女性补钙澳洲,102.0,2,"(100,150]",1882,30185,是,是,澳大利亚,澳大利亚,chemistwarehouse海外旗舰,//detail.tmall.com/item.htm?id=524432803461&ns=1&abbucket=10
224,224,611785085953,澳洲swisse钙片柠檬酸钙成人中老年孕妇vd补钙维生素d女性娘娘钙,88.0,1,"(50,100]",1870,3822,是,是,澳大利亚,澳大利亚,saintcos海外旗舰店,//detail.tmall.com/item.htm?id=611785085953&ns=1&abbucket=10
225,225,575262763211,东北制药 维生素C片 100片 预防坏血病 慢性传染疾病紫癜补充VC,6.0,0,"(0,50]",1865,300,是,是,广东,广州,康爱多大药房旗舰店,//detail.tmall.com/item.htm?id=575262763211&ns=1&abbucket=10
226,226,43595873411,汤臣倍健复合多种维生素a维b族VC男士青年成年钙片碳酸钙硒钙片b2,128.0,2,"(100,150]",1862,3987,是,是,上海,上海,汤臣倍健健领专卖店,//detail.tmall.com/item.htm?id=43595873411&ns=1&abbucket=10
227,227,626765859980,Nutrend诺特兰德多维牛磺酸维生素c健身b族男女复合维生素维c片,99.0,1,"(50,100]",1848,254,是,是,上海,上海,诺特兰德旗舰店,//detail.tmall.com/item.htm?id=626765859980&ns=1&abbucket=10
228,228,521261585415,2瓶汤臣倍健天然维生素E软胶囊ve油外用面部维e乳搭vc片美容祛斑,101.0,2,"(100,150]",1836,12976,是,是,江苏,南京,汤臣倍健佰健专卖店,//detail.tmall.com/item.htm?id=521261585415&ns=1&abbucket=10
229,229,623337406766,针叶樱桃维生素c咀嚼片针叶樱桃vc学生儿童成人维他命维c压片糖果,32.9,0,"(0,50]",1825,1159,是,是,广东,广州,皇健保健品专营店,//detail.tmall.com/item.htm?id=623337406766&ns=1&abbucket=10
230,230,541463077420,3盒装】叶酸 斯利安叶酸片31片/盒孕前孕中备孕补充叶酸防胎畸形,87.0,1,"(50,100]",1821,3015,是,是,广东,广州,阿里健康大药房,//detail.tmall.com/item.htm?id=541463077420&ns=1&abbucket=10
231,231,597419868046,钙尔奇柠檬酸钙维生素D片孕妇乳母60粒孕妇钙孕期 补钙,139.0,2,"(100,150]",1806,2653,是,是,广东,广州,钙尔奇官方旗舰店,//detail.tmall.com/item.htm?id=597419868046&ns=1&abbucket=10
232,232,613610611640,御信堂钙加维生素D软胶囊 VD液体钙成人钙片中老年补钙拍一发三,108.0,2,"(100,150]",1793,2741,是,是,山东,威海,海纳百川食品专营店,//detail.tmall.com/item.htm?id=613610611640&ns=1&abbucket=10
233,233,25324252661,送ve】100片康恩贝维生素C咀嚼片vc片维他命c含片成人男女维c搭ve,17.9,0,"(0,50]",1758,21344,是,是,浙江,金华,康恩贝保健品专营店,//detail.tmall.com/item.htm?id=25324252661&ns=1&abbucket=10
234,234,614567726719,21金维他多维元素片复合维生素B1 D100片多种维生素Cb6钙铁锌民生,66.0,1,"(50,100]",1757,1853,是,是,广东,广州,民生医药旗舰店,//detail.tmall.com/item.htm?id=614567726719&ns=1&abbucket=10
235,235,543279079730,【阿里健康官方】swisse男士复合维生素植物120片补充维生素成人,277.0,5,"(250,300]",1752,12105,是,是,浙江,宁波,阿里健康海外旗舰店,//detail.tmall.com/item.htm?id=543279079730&ns=1&abbucket=10
236,236,612023827686,OLLY复合维生素女性综合孕妇叶酸生物素矿物质维生素ce营养软糖,189.0,3,"(150,200]",1723,2096,是,是,美国,美国,olly海外旗舰店,//detail.tmall.com/item.htm?id=612023827686&ns=1&abbucket=10
237,237,527027746637,澳洲Swisse斯维诗维生素c泡腾片 男女维生素高浓度vc片 热巴同款,298.0,5,"(250,300]",1718,14476,是,是,浙江,宁波,swisse官方海外旗舰店,//detail.tmall.com/item.htm?id=527027746637&ns=1&abbucket=10
238,238,585519087106,修正维生素E软胶囊心脑血管48粒习惯性流产辅助治疗不孕症内外维e,49.9,0,"(0,50]",1713,12139,是,是,广东,广州,修正药品旗舰店,//detail.tmall.com/item.htm?id=585519087106&ns=1&abbucket=10
239,239,541928987008,恒健维生素B1片100片/瓶预防治疗维生素B1缺乏消化不良神经炎脚气,5.9,0,"(0,50]",1711,11607,否,是,广东,广州,阿里健康大药房,//detail.tmall.com/item.htm?id=541928987008&ns=1&abbucket=10
240,240,624633132545,物理外用非长高糖果增高神器15厘米贴激素助长拉伸长高个子长身高,128.0,2,"(100,150]",1708,645,是,是,广东,广州,花甘旗舰店,//detail.tmall.com/item.htm?id=624633132545&ns=1&abbucket=10
241,241,539175028434,伊可新维生素AD滴剂30粒1岁以上幼儿维生素AD缺乏症预防佝偻病,39.8,0,"(0,50]",1684,6965,否,是,广东,广州,阿里健康大药房,//detail.tmall.com/item.htm?id=539175028434&ns=1&abbucket=10
242,242,624150955285,OrgPlus 水果味软糖维生素C果汁浓缩VC胶原蛋白Q弹儿童青少年零食,65.9,1,"(50,100]",1678,397,是,是,福建,厦门,泰一保健食品专营店,//detail.tmall.com/item.htm?id=624150955285&ns=1&abbucket=10
243,243,534069822955,纽斯特维生素b族咀嚼片多种复合vb群b1b2b6b12旗舰店正品搭褪黑素,38.9,0,"(0,50]",1675,14487,是,是,四川,成都,纽斯特旗舰店,//detail.tmall.com/item.htm?id=534069822955&ns=1&abbucket=10
244,244,43915387927,美国童年时光三驾马车 进口婴幼儿维C维生素儿童抵抗力,411.2,8,"(400,450]",1671,17504,是,是,浙江,宁波,童年时光海外旗舰店,//detail.tmall.com/item.htm?id=43915387927&ns=1&abbucket=10
245,245,559424739871,美国 Baby Ddrops 婴幼儿童维生素D3 宝宝补钙滴剂600IU 2.8ml*2,188.0,3,"(150,200]",1663,9387,是,是,浙江,宁波,阿里健康海外旗舰店,//detail.tmall.com/item.htm?id=559424739871&ns=1&abbucket=10
246,246,41102388045,汤臣倍健多种维生素咀嚼片儿童复合维生素多维免疫力vb族维生素VC,138.0,2,"(100,150]",1660,6617,是,是,广东,广州,汤臣倍健官方旗舰店,//detail.tmall.com/item.htm?id=41102388045&ns=1&abbucket=10
247,247,613710568638,维生素c 食品级食用vc粉维生素c粉末维c左旋保养肌肤美白100g包邮,9.9,0,"(0,50]",1639,959,是,否,上海,上海,风云天下之1,//item.taobao.com/item.htm?id=613710568638&ns=1&abbucket=10#detail
248,248,574733671238,美国进口拜耳Oneaday女性复合维生素加速新陈代谢50粒燃动小马达,149.0,2,"(100,150]",1635,19420,是,是,香港,新界,拜耳健康消费品海外旗舰店,//detail.tmall.com/item.htm?id=574733671238&ns=1&abbucket=10
249,249,539909864591,星鲨维生素AD软胶囊100粒*1瓶/盒夜盲症发育迟缓小儿手足抽搐佝偻,9.0,0,"(0,50]",1635,9893,否,是,广东,广州,阿里健康大药房,//detail.tmall.com/item.htm?id=539909864591&ns=1&abbucket=10
250,250,601548221595,星鲨维生素d婴儿d3星鲨d3钙d3滴剂维生素d3胶囊维d3,48.0,0,"(0,50]",1630,367,是,是,安徽,合肥,国胜大药房旗舰店,//detail.tmall.com/item.htm?id=601548221595&ns=1&abbucket=10
251,251,611878198383,修正VC+VE组合天然维生素C100片维生素E软胶囊内服外养嫩白肌肤,49.8,0,"(0,50]",1617,2779,是,是,浙江,杭州,修正官方旗舰店,//detail.tmall.com/item.htm?id=611878198383&ns=1&abbucket=10
252,252,566940432184,善存女士中老年多种复合维生素矿物质160片含维生素ceb官方旗舰店,208.0,4,"(200,250]",1610,5457,是,是,广东,广州,善存官方旗舰店,//detail.tmall.com/item.htm?id=566940432184&ns=1&abbucket=10
253,253,540066292305,惠氏善存多维元素片(29)60片成人补充复合维生素矿物质b1 b2药房,84.0,1,"(50,100]",1604,19218,否,是,广东,广州,阿里健康大药房,//detail.tmall.com/item.htm?id=540066292305&ns=1&abbucket=10
254,254,611264284790,2瓶200片维生素Cvc片维C片咀嚼片含片咀嚼片糖果香橙味,49.8,0,"(0,50]",1598,10300,是,是,上海,上海,众久旗舰店,//detail.tmall.com/item.htm?id=611264284790&ns=1&abbucket=10
255,255,552734886623,卡奇尔维D2磷葡钙片90片钙磷的补充生长发育不良手足抽搐孕妇儿童,98.0,1,"(50,100]",1591,8748,是,是,广东,广州,阿里健康大药房,//detail.tmall.com/item.htm?id=552734886623&ns=1&abbucket=10
256,256,612706849254,黄金搭档正品维生素C含片100片补充Vc营养成人,26.9,0,"(0,50]",1564,74,否,否,上海,上海,爱抢购app充值,//item.taobao.com/item.htm?id=612706849254&ns=1&abbucket=10#detail
257,257,597141934829,赠30粒】养生堂天然维生素E软胶囊美容祛斑VE胶囊延缓衰老共230粒,148.0,2,"(100,150]",1537,8060,是,是,上海,上海,国大药房旗舰店,//detail.tmall.com/item.htm?id=597141934829&ns=1&abbucket=10
258,258,574784555942,养生堂天然维生素e230粒维e软胶囊ve美容祛斑延缓衰老搭VC维生素C,148.0,2,"(100,150]",1534,6179,否,是,上海,上海,天猫超市,//detail.tmall.com/item.htm?id=574784555942&ns=1&abbucket=10
259,259,561661009806,4+1盒】星鲨 维生素D滴剂(胶囊型)30粒缺乏vd3预防佝偻病骨质疏松,180.0,3,"(150,200]",1533,362,是,是,河南,洛阳,河南民生大药房旗舰店,//detail.tmall.com/item.htm?id=561661009806&ns=1&abbucket=10
260,260,597181305500,买3送1]集妍堂维生素e软胶囊维e外用乳油ve面部ve可搭维生素c,19.9,0,"(0,50]",1530,2406,是,是,山东,东营,帝虎保健品专营店,//detail.tmall.com/item.htm?id=597181305500&ns=1&abbucket=10
261,261,600134927235,阿里健康维C泡腾片固体饮料维生素c维他命VC冲**甜橙儿童成人,19.9,0,"(0,50]",1524,7332,否,是,广东,广州,阿里健康大药房,//detail.tmall.com/item.htm?id=600134927235&ns=1&abbucket=10
262,262,537860384317,汤臣倍健女士复合多种维生素A矿物质片钙片碳酸钙综合b族女成年c,128.0,2,"(100,150]",1497,12477,是,是,上海,上海,汤臣倍健健领专卖店,//detail.tmall.com/item.htm?id=537860384317&ns=1&abbucket=10
263,263,606378381348,成年人钙片碳酸钙中老年维生素d3颗粒孕妇早中晚期女性补钙咀嚼片,29.9,0,"(0,50]",1495,645,是,是,江西,南昌,食妆久美旗舰店,//detail.tmall.com/item.htm?id=606378381348&ns=1&abbucket=10
264,264,12498199696,200粒康恩贝钙D软胶囊液体钙补维生素D钙片碳酸钙成年中老年男女,45.0,0,"(0,50]",1491,8035,是,是,浙江,金华,康恩贝官方旗舰店,//detail.tmall.com/item.htm?id=12498199696&ns=1&abbucket=10
265,265,623716079986,【非进口】Swisse斯维诗 维生素C泡腾片 高浓度VC片 补充维C 20片,48.0,0,"(0,50]",1490,327,是,是,广东,广州,swisse官方旗舰店,//detail.tmall.com/item.htm?id=623716079986&ns=1&abbucket=10
266,266,525382740569,汤臣倍健钙片碳酸钙青少年中老年成年女性男青年维生素d长高学生,44.0,0,"(0,50]",1459,33228,是,是,北京,北京,汤臣倍健霸天下专卖店,//detail.tmall.com/item.htm?id=525382740569&ns=1&abbucket=10
267,267,541155105947,善存多维元素片30片成人补充维生素D b6 b1 b2维生素C等及矿物质,43.0,0,"(0,50]",1433,8233,否,是,广东,广州,阿里健康大药房,//detail.tmall.com/item.htm?id=541155105947&ns=1&abbucket=10
268,268,593431356433,黄金搭档维生素C泡腾片固体饮料成人水果味维他命果汁VC泡腾维C片,9.9,0,"(0,50]",1427,3811,否,是,广东,广州,阿里健康大药房,//detail.tmall.com/item.htm?id=593431356433&ns=1&abbucket=10
269,269,599946523550,汤臣倍健维生素e胶囊维e胶囊浓缩ve维生素e小瓶维e内外用旗舰正品,88.0,1,"(50,100]",1423,6748,是,是,广东,广州,汤臣倍健官方旗舰店,//detail.tmall.com/item.htm?id=599946523550&ns=1&abbucket=10
270,270,604674767545,[任搭3件369]Swisse娘娘钙片Swisse斯维诗钙+维生素D片150片 专享,200.0,3,"(150,200]",1422,4934,是,是,浙江,宁波,swisse官方海外旗舰店,//detail.tmall.com/item.htm?id=604674767545&ns=1&abbucket=10
271,271,551603278746,汤臣倍健维生素C片（橘子味）vc+维生素vE软胶囊质同官网旗舰店,108.0,2,"(100,150]",1417,28973,否,是,上海,上海,天猫超市,//detail.tmall.com/item.htm?id=551603278746&ns=1&abbucket=10
272,272,550922748308,【直播推荐】Swisse 斯维诗男士多维片含钙维生素b族片成人120粒,249.0,4,"(200,250]",1410,9375,是,是,浙江,杭州,天猫国际进口超市,//detail.tmall.com/item.htm?id=550922748308&ns=1&abbucket=10
273,273,602836044813,FANCL30岁女性综合营养包30包/袋*2复合旗舰维生素辅酶Q10日本,418.0,8,"(400,450]",1390,4718,是,是,浙江,杭州,天猫国际进口超市,//detail.tmall.com/item.htm?id=602836044813&ns=1&abbucket=10
274,274,618773984736,美国惠氏Centrum善存女士复合维生素矿物质含维c维生素b族 120粒,109.0,2,"(100,150]",1382,1338,是,是,广东,广州,趣味猴保健品海外专营店,//detail.tmall.com/item.htm?id=618773984736&ns=1&abbucket=10
275,275,570753066158,3瓶装黄金搭档维生素D加钙胶囊中老年补钙液体钙碳酸钙片成人补钙,89.9,1,"(50,100]",1379,15043,是,是,上海,上海,黄金搭档景行专卖店,//detail.tmall.com/item.htm?id=570753066158&ns=1&abbucket=10
276,276,616492429223,澳洲进口cenovis萃益维维生素C天然无糖VC咀嚼片橘子味美白300粒,89.0,1,"(50,100]",1373,5043,是,是,浙江,杭州,天猫国际进口超市,//detail.tmall.com/item.htm?id=616492429223&ns=1&abbucket=10
277,277,527048328080,澳洲进口Swisse斯维诗男士复合维生素120片番茄红素维生素C添能量,386.0,7,"(350,400]",1367,11332,是,是,浙江,宁波,swisse官方海外旗舰店,//detail.tmall.com/item.htm?id=527048328080&ns=1&abbucket=10
278,278,610263130049,仁和褪黑素安瓶助眠维生素b6片褪黑色素退黑改善失眠深度睡眠,39.9,0,"(0,50]",1365,2806,是,是,浙江,杭州,药都仁和融世专卖店,//detail.tmall.com/item.htm?id=610263130049&ns=1&abbucket=10
279,279,605351098557,买二发三 120粒装维生素e软胶囊ve油内服外用脸部美容祛斑祛痘印,39.8,0,"(0,50]",1362,2196,是,是,安徽,合肥,清大广仁保健食品旗舰店,//detail.tmall.com/item.htm?id=605351098557&ns=1&abbucket=10
280,280,607827446510,日本进口DHC维生素B/VB片8族 熬夜必备 120粒*3袋,86.0,1,"(50,100]",1357,4430,是,是,浙江,宁波,阿里健康海外旗舰店,//detail.tmall.com/item.htm?id=607827446510&ns=1&abbucket=10
281,281,537874533456,Airborne维c泡腾片美国进口高浓度无糖vc成人维生素c泡腾泡片36片,49.0,0,"(0,50]",1347,1727,是,是,浙江,宁波,airborne海外旗舰店,//detail.tmall.com/item.htm?id=537874533456&ns=1&abbucket=10
282,282,614736329997,钙尔奇男性钙片钙镁锌维生素D维生素B1片30粒男钙新品,71.1,1,"(50,100]",1338,938,是,是,广东,广州,钙尔奇官方旗舰店,//detail.tmall.com/item.htm?id=614736329997&ns=1&abbucket=10
283,283,539370343185,澳洲swisse钙片150粒孕妇中老年成人补钙维生素VD孙俪娘娘柠檬钙,59.0,1,"(50,100]",1332,5518,是,否,湖北,武汉,5宸宸妈,//item.taobao.com/item.htm?id=539370343185&ns=1&abbucket=10#detail
284,284,612625433331,三九维生素c泡腾泡片儿童成人vc片维生素c泡腾片维c片ZY,19.9,0,"(0,50]",1326,1724,是,是,山东,淄博,益普利生官方旗舰店,//detail.tmall.com/item.htm?id=612625433331&ns=1&abbucket=10
285,285,565838074445,养生堂天然维生素C咀嚼片70片 赠vc/ve/vb随机30粒增强免疫力,89.0,1,"(50,100]",1325,9064,否,是,上海,上海,天猫超市,//detail.tmall.com/item.htm?id=565838074445&ns=1&abbucket=10
286,286,541455528048,3盒】健民龙牡壮骨颗粒儿童补钙冲剂维生素D虚汗龙牧发育迟缓,324.0,6,"(300,350]",1314,15774,是,是,广东,广州,阿里健康大药房,//detail.tmall.com/item.htm?id=541455528048&ns=1&abbucket=10
287,287,604834744782,华晨宇同款澳洲cenovis萃益维无糖维生素c咀嚼片vc维c300粒含片,109.0,2,"(100,150]",1292,3963,是,是,浙江,杭州,sanofi海外旗舰店,//detail.tmall.com/item.htm?id=604834744782&ns=1&abbucket=10
288,288,587160667988,【直营】加拿大ddrops维生素d3滴剂婴幼儿400iu液体补钙90滴2.5ml,115.0,2,"(100,150]",1291,8178,是,是,浙江,杭州,天猫国际母婴直营,//detail.tmall.com/item.htm?id=587160667988&ns=1&abbucket=10
289,289,551668697574,康恩贝天然维生素E120粒/瓶+维生素C100片/瓶维c维e油胶囊生育酚,69.0,1,"(50,100]",1290,9749,否,是,上海,上海,天猫超市,//detail.tmall.com/item.htm?id=551668697574&ns=1&abbucket=10
290,290,587160787155,【葵儿推荐】Swisse斯维诗柠檬酸钙+维生素D片150片孕妇中老年钙,105.0,2,"(100,150]",1290,6150,是,是,浙江,杭州,天猫国际妙颜社,//detail.tmall.com/item.htm?id=587160787155&ns=1&abbucket=10
291,291,598632576784,加拿大ddrops维生素D3滴剂婴幼儿400iu液体补钙防佝偻2.5ml*4瓶,389.0,7,"(350,400]",1281,3209,是,是,浙江,杭州,天猫国际进口超市,//detail.tmall.com/item.htm?id=598632576784&ns=1&abbucket=10
292,292,521490359679,康恩贝天然维生素E软胶囊ve油正品外用面部搭VC120粒/瓶内服,49.0,0,"(0,50]",1275,8029,否,是,上海,上海,天猫超市,//detail.tmall.com/item.htm?id=521490359679&ns=1&abbucket=10
293,293,579695950135,维生素C咀嚼片甜橙味儿童成人VC微量元素维他命C片高含量维,12.9,0,"(0,50]",1267,25678,是,是,陕西,西安,百邦保健品旗舰店,//detail.tmall.com/item.htm?id=579695950135&ns=1&abbucket=10
294,294,564794044565,日本原装DHC维生素B族片 60日控油痘痘肌熬夜党 维他命B群/VB,29.9,0,"(0,50]",1262,1933,是,否,广东,深圳,小萌家日本正品代购,//item.taobao.com/item.htm?id=564794044565&ns=1&abbucket=10#detail
295,295,580638550327,jamieson健美生维生素c片美白 进口高浓度vc维c片 果肉C120片,87.0,1,"(50,100]",1260,2917,是,是,浙江,宁波,阿里健康海外旗舰店,//detail.tmall.com/item.htm?id=580638550327&ns=1&abbucket=10
296,296,611039673555,8.9起！拍1发360粒】维生素e软胶囊维E外用乳油ve面部可搭天然vc,8.9,0,"(0,50]",1259,2932,是,是,上海,上海,集妍堂途阳专卖店,//detail.tmall.com/item.htm?id=611039673555&ns=1&abbucket=10
297,297,622027953835,钙片碳酸钙青少年中学生成年人女性男青年维生素补钙长高产品神器,45.0,0,"(0,50]",1258,1498,是,是,广东,广州,何氏医疗器械专营店,//detail.tmall.com/item.htm?id=622027953835&ns=1&abbucket=10
298,298,531182351189,善存进口成人女士复合维生素多种矿物质200粒女性多维片b族官方,159.0,3,"(150,200]",1251,13971,是,是,浙江,杭州,天猫国际进口超市,//detail.tmall.com/item.htm?id=531182351189&ns=1&abbucket=10
299,299,552710920302,Ddrops维生素幼儿baby宝宝维D婴儿童一岁以上补钙d3滴剂vd 600iu,79.0,1,"(50,100]",1238,9079,是,否,北京,北京,lostcotton,//item.taobao.com/item.htm?id=552710920302&ns=1&abbucket=10#detail
300,300,555379794843,共200粒汤臣倍健R液体钙软胶囊1000mg维生素D维生素K钙维D钙100粒,69.0,1,"(50,100]",1233,8733,是,是,山东,青岛,百康保健品专营店,//detail.tmall.com/item.htm?id=555379794843&ns=1&abbucket=10
301,301,542020667754,信谊复合维生素B片100片*1瓶/盒维B缺乏 营养消化不良神经炎,9.0,0,"(0,50]",1232,337,否,是,广东,广州,阿里健康大药房,//detail.tmall.com/item.htm?id=542020667754&ns=1&abbucket=10
302,302,3810038459,汉苑良方百消丹玉妍丸正品祛斑内调祛黄褐斑淡斑含维生素c维生素e,139.0,2,"(100,150]",1226,7647,是,是,河南,郑州,汉苑良方旗舰店,//detail.tmall.com/item.htm?id=3810038459&ns=1&abbucket=10
303,303,601932412657,叶黄素汤臣倍健维生素C压片糖针叶樱桃VC健视佳儿童成人学生,79.9,1,"(50,100]",1220,1788,是,是,广东,佛山,健视佳旗舰店,//detail.tmall.com/item.htm?id=601932412657&ns=1&abbucket=10
304,304,542015046163,SINE/信谊维生素B6片100片口角炎脂溢性皮炎妊娠呕吐维生素缺乏症,5.9,0,"(0,50]",1217,9039,否,是,广东,广州,阿里健康大药房,//detail.tmall.com/item.htm?id=542015046163&ns=1&abbucket=10
305,305,609531099340,ISDG/液体钙VD3胶囊补碳酸钙离子维生素D片中老年青少年骨骼活力,119.9,2,"(100,150]",1217,1843,是,是,河南,郑州,isdg旗舰店,//detail.tmall.com/item.htm?id=609531099340&ns=1&abbucket=10
306,306,523778581285,共120片善存佳维片复合多种维生素矿物质片综合多维元素片女性维a,89.0,1,"(50,100]",1217,406,是,是,上海,上海,铸塔保健品专营店,//detail.tmall.com/item.htm?id=523778581285&ns=1&abbucket=10
307,307,567285105123,600粒 康恩贝钙D软胶囊维生素D液体钙钙片碳酸钙中老年成年女性补,79.0,1,"(50,100]",1209,4504,是,是,上海,上海,博昱采保健品专营店,//detail.tmall.com/item.htm?id=567285105123&ns=1&abbucket=10
308,308,616135023884,修正VC+VE维生素E软胶囊维e内服外用面部外涂脸脸部油天然c片含片,59.9,1,"(50,100]",1201,1265,是,是,浙江,杭州,修正官方旗舰店,//detail.tmall.com/item.htm?id=616135023884&ns=1&abbucket=10
309,309,19921624995,禾博士维生素C咀嚼片成人中老年男女性维C维他命C精华正品VC含片,15.8,0,"(0,50]",1200,25225,是,是,上海,上海,禾博士旗舰店,//detail.tmall.com/item.htm?id=19921624995&ns=1&abbucket=10
310,310,621762552014,【500mg大颗粒】维生素e软胶囊102粒 VE油 做面膜 内服外用,9.9,0,"(0,50]",1188,137,是,否,山东,青岛,cuirenjie1987,//item.taobao.com/item.htm?id=621762552014&ns=1&abbucket=10#detail
311,311,545454903073,善存小佳维儿童复合维生素B族矿物质咀嚼片80片*2瓶官方旗舰店,278.0,5,"(250,300]",1187,5596,是,是,广东,广州,善存官方旗舰店,//detail.tmall.com/item.htm?id=545454903073&ns=1&abbucket=10
312,312,602536621060,官方Swisse斯维诗柠檬酸钙娘娘钙vd钙片成人青年钙维生素D 90片,145.0,2,"(100,150]",1186,1557,否,是,上海,上海,天猫超市,//detail.tmall.com/item.htm?id=602536621060&ns=1&abbucket=10
313,313,35553912369,200片康恩贝B族维生素片复合vb多种 b1 b6 b2 B12 维生素b,75.0,1,"(50,100]",1183,15571,是,是,浙江,金华,康恩贝官方旗舰店,//detail.tmall.com/item.htm?id=35553912369&ns=1&abbucket=10
314,314,538811331261,朗迪碳酸钙D3片60片儿童青少成长中老年人孕妇咀嚼片补钙小孩钙片,75.0,1,"(50,100]",1181,8899,否,是,广东,广州,阿里健康大药房,//detail.tmall.com/item.htm?id=538811331261&ns=1&abbucket=10
315,315,22410764680,双鲸维生素A软胶囊100粒预防维生素A缺乏症夜盲症干眼症角膜软化,5.5,0,"(0,50]",1179,308,否,是,北京,北京,德生堂大药房旗舰店,//detail.tmall.com/item.htm?id=22410764680&ns=1&abbucket=10
316,316,594079435169,加拿大ddrops维生素D3滴剂婴幼儿600iu液体补钙防佝偻2.8ml*2瓶,187.0,3,"(150,200]",1178,5975,是,是,浙江,杭州,天猫国际进口超市,//detail.tmall.com/item.htm?id=594079435169&ns=1&abbucket=10
317,317,559431135349,善存佳维片多种复合维生素30片*3瓶含维生素ceb成人男女官方,108.0,2,"(100,150]",1178,17920,是,是,广东,广州,阿里健康大药房,//detail.tmall.com/item.htm?id=559431135349&ns=1&abbucket=10
318,318,613332610506,御信堂维生素C咀嚼片压片糖果甜橙味 维他命C 果味VC 可搭配VE,108.0,2,"(100,150]",1169,5119,是,是,山东,威海,海纳百川食品专营店,//detail.tmall.com/item.htm?id=613332610506&ns=1&abbucket=10
319,319,625631908555,仁和b族维生素片多种复合维生素b维b b1 b2 b6 b12男女性熬夜常备,59.9,1,"(50,100]",1168,358,是,是,北京,北京,弘德大药房旗舰店,//detail.tmall.com/item.htm?id=625631908555&ns=1&abbucket=10
320,320,558397677039,【热巴同款】Swisse 斯维诗男士复合维生素120粒+女士复合维生素,485.0,9,"(450,~)",1165,2765,是,是,浙江,杭州,天猫国际进口超市,//detail.tmall.com/item.htm?id=558397677039&ns=1&abbucket=10
321,321,580074033504,FANCL复合多种维生素B族片VB群维生素B2旗舰店B12日本旗舰B6官网,129.0,2,"(100,150]",1162,8843,是,是,浙江,宁波,fanclhealthscience海外,//detail.tmall.com/item.htm?id=580074033504&ns=1&abbucket=10
322,322,621658368607,5瓶}葡萄籽维生素e祛斑内调去黄褐淡斑美容胶囊 调理冻干肽酮vc粉,198.0,3,"(150,200]",1139,1979,是,是,湖南,长沙,百合康乔成专卖店,//detail.tmall.com/item.htm?id=621658368607&ns=1&abbucket=10
323,323,607041220921,3瓶 天然维生素e维e软胶囊ve内服外用面部外涂脸脸部油搭c片含片,79.8,1,"(50,100]",1133,6284,是,是,上海,上海,众久旗舰店,//detail.tmall.com/item.htm?id=607041220921&ns=1&abbucket=10
324,324,541846052004,华南牌维生素C片100毫克*100片预防治疗紫癜维生素C缺乏辅助治疗,5.0,0,"(0,50]",1128,24130,否,是,广东,广州,阿里健康大药房,//detail.tmall.com/item.htm?id=541846052004&ns=1&abbucket=10
325,325,589527958151,8.9拍3发4瓶]升级维生素E软胶囊正品搭vc天ve维e油然外用涂脸面部,8.9,0,"(0,50]",1124,3054,是,是,吉林,长春,岚卡保健品专营店,//detail.tmall.com/item.htm?id=589527958151&ns=1&abbucket=10
326,326,533925624398,钙尔奇钙片青少年中老年成人男女通用碳酸钙补维生素d3官方旗舰店,39.0,0,"(0,50]",1118,939,是,是,湖南,长沙,六二八保健品专营店,//detail.tmall.com/item.htm?id=533925624398&ns=1&abbucket=10
327,327,545390684569,善存多种复合维生素佳维片30粒成人男女含维生素ce碳酸钙矿物质片,52.0,1,"(50,100]",1117,7622,是,是,广东,广州,善存官方旗舰店,//detail.tmall.com/item.htm?id=545390684569&ns=1&abbucket=10
328,328,564042339044,钙尔奇中老年钙添佳片100片*2瓶维生素D成人补钙碳酸钙钙片,115.0,2,"(100,150]",1114,3684,是,是,江苏,南京,苏宁易购官方旗舰店,//detail.tmall.com/item.htm?id=564042339044&ns=1&abbucket=10
329,329,552781933344,澳洲Swisse钙片vd钙娘娘维生素d柠檬酸钙成人孕妇中老年补钙150粒,36.0,0,"(0,50]",1111,8057,是,否,河北,沧州,小姐姐emma,//item.taobao.com/item.htm?id=552781933344&ns=1&abbucket=10#detail
330,330,520861611694,澳洲圣诺cenovis天然维生素c咀嚼片vc美白护肤成人儿童300粒女,57.0,1,"(50,100]",1107,7287,是,否,浙江,杭州,zhangyuanprincess,//item.taobao.com/item.htm?id=520861611694&ns=1&abbucket=10#detail
331,331,603179102400,送柠檬片 韩国济州岛维生素c片柑橘儿童成人vc含片咀嚼维他命500G,69.0,1,"(50,100]",1106,9579,是,否,江苏,南京,想念你632224479,//item.taobao.com/item.htm?id=603179102400&ns=1&abbucket=10#detail
332,332,599970656788,康恩贝多种复合B族维生素咀嚼片0.8g*100片缓解口腔溃疡维生素片,35.9,0,"(0,50]",1097,1484,否,是,上海,上海,天猫超市,//detail.tmall.com/item.htm?id=599970656788&ns=1&abbucket=10
333,333,13640433879,斯利安叶酸片93片天猫孕妇孕早前期备孕专用备孕男女男士叶酸片,55.0,1,"(50,100]",1096,207,是,是,广东,广州,康爱多大药房旗舰店,//detail.tmall.com/item.htm?id=13640433879&ns=1&abbucket=10
334,334,579372514192,4盒】儿童成长钙铁锌硒多种维生素婴宝宝幼儿补钙补铁补锌口溶液,89.9,1,"(50,100]",1089,13991,是,是,安徽,合肥,念福堂旗舰店,//detail.tmall.com/item.htm?id=579372514192&ns=1&abbucket=10
335,335,529214023486,【实发3瓶】300粒康恩贝B族维生素片b1b2b6b12多种复合VB维生素B,35.0,0,"(0,50]",1086,3100,是,是,浙江,金华,康泰莱保健品专营店,//detail.tmall.com/item.htm?id=529214023486&ns=1&abbucket=10
336,336,549660350667,centrum/善存男士多种复合维生素矿物质120粒 番茄红素维生素d/c,123.0,2,"(100,150]",1081,5110,是,是,浙江,宁波,阿里健康海外旗舰店,//detail.tmall.com/item.htm?id=549660350667&ns=1&abbucket=10
337,337,528586811408,3件6折】天猫金斯利安复合维生素备孕孕妇孕期专用叶酸多维片30片,126.0,2,"(100,150]",1072,2499,是,是,北京,北京,scrianen斯利安旗舰店,//detail.tmall.com/item.htm?id=528586811408&ns=1&abbucket=10
338,338,539415214518,迪巧儿童维D钙咀嚼片30片青少年小儿婴幼儿童小孩补钙婴儿钙片,54.8,1,"(50,100]",1072,3768,否,是,广东,广州,阿里健康大药房,//detail.tmall.com/item.htm?id=539415214518&ns=1&abbucket=10
339,339,610987585103,维福佳维生素C片100片药用补充维生素VC坏血病急慢性传染病,6.0,0,"(0,50]",1071,323,是,是,广东,东莞,华药大药房旗舰店,//detail.tmall.com/item.htm?id=610987585103&ns=1&abbucket=10
340,340,578137380317,喜维家维生素C泡腾片甜橙+蜜桃4g*20片*2支组合装天猫超市饮料水,17.8,0,"(0,50]",1060,3310,否,是,上海,上海,天猫超市,//detail.tmall.com/item.htm?id=578137380317&ns=1&abbucket=10
341,341,522991561423,2件85折 善存佳维片复合维生素矿物质片1.7g/片*30片成人营养,45.0,0,"(0,50]",1059,18085,否,是,上海,上海,天猫超市,//detail.tmall.com/item.htm?id=522991561423&ns=1&abbucket=10
342,342,587701721852,日本大木儿童综合复合维生素多种ab6cd2e软糖宝宝钙糖果草莓120粒,135.0,2,"(100,150]",1058,6046,是,否,日本,日本,迷茫宇哥,//item.taobao.com/item.htm?id=587701721852&ns=1&abbucket=10#detail
343,343,551219961439,修正维生素C含片100片*3瓶 vc咀嚼片旗舰店官网正品可搭VE维生素E,49.9,0,"(0,50]",1053,13784,是,是,浙江,杭州,修正官方旗舰店,//detail.tmall.com/item.htm?id=551219961439&ns=1&abbucket=10
344,344,551789942646,Swisse 斯维诗女士多维多种维生素b族片120片,249.0,4,"(200,250]",1049,5237,是,是,浙江,杭州,天猫国际进口超市,//detail.tmall.com/item.htm?id=551789942646&ns=1&abbucket=10
345,345,540682178525,elevit爱乐维复合维生素30片孕前孕妇怀孕备孕补充叶酸矿物质官方,119.0,2,"(100,150]",1046,29433,是,是,广东,广州,阿里健康大药房,//detail.tmall.com/item.htm?id=540682178525&ns=1&abbucket=10
346,346,14626013893,汤臣倍健钙DK软胶囊液体钙钙片男女补钙中老年碳酸钙汤成倍健官网,94.0,1,"(50,100]",1044,5825,是,是,江苏,南京,汤臣倍健佰健专卖店,//detail.tmall.com/item.htm?id=14626013893&ns=1&abbucket=10
347,347,580094139560,来益维生素E软胶囊ve100粒孕妇孕前备孕预防流产保护血管药用维e,86.0,1,"(50,100]",1041,3144,是,是,广东,广州,阿里健康大药房,//detail.tmall.com/item.htm?id=580094139560&ns=1&abbucket=10
348,348,586583210575,实发120片 养生堂复合维生素b族片多种维生素缓解疲劳熬夜常备vb,108.0,2,"(100,150]",1039,5280,否,是,上海,上海,天猫超市,//detail.tmall.com/item.htm?id=586583210575&ns=1&abbucket=10
349,349,591720968832,黄金搭档B族多种复合维生素片30片vb男女性儿童成人维bB1B2B6B12,9.89,0,"(0,50]",1037,1655,否,是,广东,广州,阿里健康大药房,//detail.tmall.com/item.htm?id=591720968832&ns=1&abbucket=10
350,350,560586527643,5盒安琪纽特鳕鱼肝油软胶囊婴儿宝宝新生儿童鱼干油婴幼儿dha鱼油,132.0,2,"(100,150]",1037,14300,是,是,湖南,长沙,顺通优速保健品专营店,//detail.tmall.com/item.htm?id=560586527643&ns=1&abbucket=10
351,351,42844977153,路西法澳洲Swisse钙片柠檬酸钙维生素VD中老年孕妇补钙90粒21年6Y,38.0,0,"(0,50]",1029,5841,是,否,福建,福州,偶路西法,//item.taobao.com/item.htm?id=42844977153&ns=1&abbucket=10#detail
352,352,551215407728,3瓶装】21金维他多维元素100片成人男女补充矿物质氨基酸维生素C,188.0,3,"(150,200]",1027,16451,是,是,广东,广州,阿里健康大药房,//detail.tmall.com/item.htm?id=551215407728&ns=1&abbucket=10
353,353,591928735148,【直营】加拿大ddrops维生素D3滴剂婴幼儿400iu液体补钙2.5ml*2瓶,199.0,3,"(150,200]",1017,13284,是,是,浙江,杭州,天猫国际母婴直营,//detail.tmall.com/item.htm?id=591928735148&ns=1&abbucket=10
354,354,625913948245,御信堂维生素E软胶囊嫩白补充VE内外用涂抹脸面部可搭配VC 拍1发3,108.0,2,"(100,150]",1017,118,是,是,山东,威海,崇竞药业保健品旗舰店,//detail.tmall.com/item.htm?id=625913948245&ns=1&abbucket=10
355,355,613376102141,sanpeter圣彼德钙片碳酸钙中老年补钙女性男青少年维生素D液体钙,208.0,4,"(200,250]",1015,2925,是,是,新西兰,新西兰,sanpeter海外旗舰店,//detail.tmall.com/item.htm?id=613376102141&ns=1&abbucket=10
356,356,615140672016,泰国进口PATAR葩塔维生素C咀嚼片1000粒儿童维他命vc片糖果,78.0,1,"(50,100]",1011,1550,是,是,浙江,金华,tops海外旗舰店,//detail.tmall.com/item.htm?id=615140672016&ns=1&abbucket=10
357,357,610826056038,黄金搭档B族维生素片复合维生素b 维b1 b2 b6 b12男女性vb维他命b,49.9,0,"(0,50]",1008,694,是,是,上海,上海,睿熙保健食品专营店,//detail.tmall.com/item.htm?id=610826056038&ns=1&abbucket=10
358,358,613580614098,星鲨维生素D3婴儿维生素D滴剂胶囊儿童新生儿孕妇成人中老年补钙,58.0,1,"(50,100]",1008,1698,是,是,福建,厦门,星鲨旗舰店,//detail.tmall.com/item.htm?id=613580614098&ns=1&abbucket=10
359,359,618209118225,Ddrops baby婴幼儿维生素d3滴剂0岁以上宝宝补钙剂400IU营养搭档,148.0,2,"(100,150]",995,862,是,是,广东,深圳,ddrops母婴海外旗舰店,//detail.tmall.com/item.htm?id=618209118225&ns=1&abbucket=10
360,360,531693900961,Swisse斯维诗维生素C泡腾片维C泡片无糖配方60片vc片泡腾成人澳洲,166.0,3,"(150,200]",994,9354,是,是,澳大利亚,澳大利亚,chemistwarehouse海外旗舰,//detail.tmall.com/item.htm?id=531693900961&ns=1&abbucket=10
361,361,544539504561,FANCL芳珂旗舰保健品日本进口纯天然维生素c片美白亮肤90粒/袋,48.0,0,"(0,50]",993,2360,否,是,浙江,杭州,天猫国际进口超市,//detail.tmall.com/item.htm?id=544539504561&ns=1&abbucket=10
362,362,607890416165,限时买1送1】黄金搭档中老年成人多种维生素矿物质片营养保健品,78.0,1,"(50,100]",985,3434,是,是,江苏,无锡,黄金搭档官方旗舰店,//detail.tmall.com/item.htm?id=607890416165&ns=1&abbucket=10
363,363,622282752390,星鲨维生素D滴剂胶囊型24粒儿童婴儿成人预防佝偻骨质疏松,36.0,0,"(0,50]",979,201,是,是,广东,广州,众翔大药房旗舰店,//detail.tmall.com/item.htm?id=622282752390&ns=1&abbucket=10
364,364,624746945107,包邮官方swisse斯维诗草莓水果味维生素c泡腾片固体饮料20片成人,48.0,0,"(0,50]",979,146,否,是,上海,上海,天猫超市,//detail.tmall.com/item.htm?id=624746945107&ns=1&abbucket=10
365,365,520415810929,200片 汤臣倍健复合维生素B族片成人男女加班熬夜b1b2b6b12维生素,59.0,1,"(50,100]",977,2987,是,是,浙江,杭州,炫动保健食品专营店,//detail.tmall.com/item.htm?id=520415810929&ns=1&abbucket=10
366,366,604322799208,果维康维C含片 石药牌果维康多种维生素儿童vc咀嚼片维生素C ys,48.6,0,"(0,50]",975,249,是,是,贵州,贵阳,一树大药房旗舰,//detail.tmall.com/item.htm?id=604322799208&ns=1&abbucket=10
367,367,567059921218,善存男士中老年多种复合维生素矿物质160片含维生素ceb官方旗舰店,208.0,4,"(200,250]",972,3538,是,是,广东,广州,善存官方旗舰店,//detail.tmall.com/item.htm?id=567059921218&ns=1&abbucket=10
368,368,542807690764,加30粒VE】养生堂天然VE维生素E软胶囊250mg/粒*100粒赠VE30粒,99.0,1,"(50,100]",971,1656,是,是,浙江,杭州,养生堂旭通专卖店,//detail.tmall.com/item.htm?id=542807690764&ns=1&abbucket=10
369,369,613268093648,仁和钙维生素D3软胶囊钙片VD钙碳酸钙中老年成人青少年男女性补钙,13.9,0,"(0,50]",969,1680,否,是,广东,广州,阿里健康大药房,//detail.tmall.com/item.htm?id=613268093648&ns=1&abbucket=10
370,370,44040848401,美版善存男士复合维生素c多种矿物质b族vc片d3官方旗舰店番茄红素,119.0,2,"(100,150]",966,20592,是,是,海外,海外,惠氏健康生活海外旗舰店,//detail.tmall.com/item.htm?id=44040848401&ns=1&abbucket=10
371,371,540003610842,华晨宇Cenovis圣诺维生素C天然vc美白无糖咀嚼300片维他命维C澳洲,144.0,2,"(100,150]",964,15958,是,是,澳大利亚,澳大利亚,chemistwarehouse海外旗舰,//detail.tmall.com/item.htm?id=540003610842&ns=1&abbucket=10
372,372,524405492534,400粒礼盒汤臣倍健液体钙碳酸钙维生素DK钙维D中老年钙片维生素d3,156.0,3,"(150,200]",956,965,是,是,浙江,嘉兴,瑞兰康保健品专营店,//detail.tmall.com/item.htm?id=524405492534&ns=1&abbucket=10
373,373,605712099745,美国拜耳oneaday男士复合维生素补充钙铁锌女士复合维生素烟酰胺,129.0,2,"(100,150]",955,3789,是,是,香港,香港岛,拜耳健康消费品海外旗舰店,//detail.tmall.com/item.htm?id=605712099745&ns=1&abbucket=10
374,374,541883152369,艾瑞可 婴幼儿多种维生素宝宝30种维生素儿童复合维生素k2 非软糖,130.0,2,"(100,150]",954,9791,是,是,法国,法国,ericfavre海外旗舰店,//detail.tmall.com/item.htm?id=541883152369&ns=1&abbucket=10
375,375,623334101005,vc片维生素C泡腾片适用儿童成人无糖固体饮料高浓度补充维C沸腾片,25.9,0,"(0,50]",945,623,是,是,广东,深圳,瑾萱保健品专营店,//detail.tmall.com/item.htm?id=623334101005&ns=1&abbucket=10
376,376,580200430603,FANCL天然维生素C精华*3包 vc片美白旗舰店日本芳珂旗舰官网,115.0,2,"(100,150]",927,7334,是,是,浙江,宁波,fanclhealthscience海外,//detail.tmall.com/item.htm?id=580200430603&ns=1&abbucket=10
377,377,537052203286,汤臣倍健维生素b族片vb维b复合维生素b群男女性b2b6b12官方旗舰店,142.0,2,"(100,150]",920,6306,是,是,北京,北京,汤臣倍健众华朗臣专卖店,//detail.tmall.com/item.htm?id=537052203286&ns=1&abbucket=10
378,378,612607827711,Guilin Pharma 维生素E软胶囊 100mg*30粒/瓶,5.0,0,"(0,50]",919,889,否,是,广东,广州,阿里健康大药房,//detail.tmall.com/item.htm?id=612607827711&ns=1&abbucket=10
379,379,622423176030,乳钙钙片碳酸钙青少年15学生成年厘米没长高激素增高产品神器贴,118.0,2,"(100,150]",919,851,是,是,湖南,长沙,康麦斯咏秋堂专卖店,//detail.tmall.com/item.htm?id=622423176030&ns=1&abbucket=10
380,380,576687455599,华晨宇同款cenovis萃益维澳洲天然维生素e250粒胶囊ve油美白内服,169.0,3,"(150,200]",918,4583,是,是,浙江,杭州,cenovis海外旗舰店,//detail.tmall.com/item.htm?id=576687455599&ns=1&abbucket=10
381,381,584096030758,【买2送1 买3送2】 修正 葡萄籽软胶囊抗氧化搭ve维e美容淡斑,49.0,0,"(0,50]",917,10043,是,是,浙江,杭州,修正官方旗舰店,//detail.tmall.com/item.htm?id=584096030758&ns=1&abbucket=10
382,382,622549581174,善存佳维片成人多种复合口服维生素CE片AD综合B族钙片官方旗舰店,40.0,0,"(0,50]",914,233,是,是,天津,天津,善存浠美专卖店,//detail.tmall.com/item.htm?id=622549581174&ns=1&abbucket=10
383,383,623921828011,碳酸钙青少年成年生长15学生厘米神器钙片没激素长高产品增高糖果,35.0,0,"(0,50]",912,754,是,是,广东,广州,和响医疗器械专营店,//detail.tmall.com/item.htm?id=623921828011&ns=1&abbucket=10
384,384,542020481717,悦而维生素D滴剂36粒软胶囊官方发育迟缓维生素缺乏症婴幼儿,64.0,1,"(50,100]",910,2776,否,是,广东,广州,阿里健康大药房,//detail.tmall.com/item.htm?id=542020481717&ns=1&abbucket=10
385,385,534020626007,纽斯特维生素C咀嚼片含片维他命C片VC维C可搭配葡萄籽维生素E套餐,59.0,1,"(50,100]",909,14758,是,是,四川,成都,纽斯特旗舰店,//detail.tmall.com/item.htm?id=534020626007&ns=1&abbucket=10
386,386,565247882550,钙尔奇儿童补钙片小添佳咀嚼50片*2瓶儿童钙片钙铁锌维生素d,118.0,2,"(100,150]",908,3658,是,是,广东,广州,钙尔奇官方旗舰店,//detail.tmall.com/item.htm?id=565247882550&ns=1&abbucket=10
387,387,541966395198,星鲨维生素E软胶囊60粒辅助治疗不孕症ve防流产保胎 药用维生素e,13.9,0,"(0,50]",901,4452,否,是,广东,广州,阿里健康大药房,//detail.tmall.com/item.htm?id=541966395198&ns=1&abbucket=10
388,388,601202645163,澳洲Swisse钙片+维生素D150粒vd钙娘娘钙成人中老年孕妇补钙,99.0,1,"(50,100]",899,2451,是,是,浙江,金华,swissenhl海外专卖,//detail.tmall.com/item.htm?id=601202645163&ns=1&abbucket=10
389,389,599351558807,修正维生素a胶囊维a胡萝卜素护眼保健品搭蓝莓叶黄素叶黄色素近视,49.0,0,"(0,50]",899,3777,是,是,浙江,杭州,修正官方旗舰店,//detail.tmall.com/item.htm?id=599351558807&ns=1&abbucket=10
390,390,624092911717,恒健维生素B6片装10mg*100片补充维B6脂溢性皮炎唇干裂妊娠呕吐药,5.5,0,"(0,50]",898,203,是,是,广东,东莞,天德大药房旗舰店,//detail.tmall.com/item.htm?id=624092911717&ns=1&abbucket=10
391,391,544548357823,3盒】星鲨三维鱼肝油乳500g儿童婴儿维生素AD和C缺乏佝偻病鱼干油,39.0,0,"(0,50]",897,8660,否,是,广东,广州,阿里健康大药房,//detail.tmall.com/item.htm?id=544548357823&ns=1&abbucket=10
392,392,12588692238,禾博士维生素C咀嚼片200片成人中老年男女性维C维他命C精华VC含片,38.8,0,"(0,50]",892,11567,是,是,上海,上海,禾博士旗舰店,//detail.tmall.com/item.htm?id=12588692238&ns=1&abbucket=10
393,393,41622335219,汤臣倍健青少年儿童多种维生素C复合b族送补钙片碳酸钙长高学生增,121.0,2,"(100,150]",892,5093,是,是,江苏,南京,汤臣倍健佰健专卖店,//detail.tmall.com/item.htm?id=41622335219&ns=1&abbucket=10
394,394,588021321356,诺瑞特成年人补钙片中老年钙加维生素D维C男女青壮年100粒碳酸钙,19.9,0,"(0,50]",889,2821,是,是,河南,南阳,诺瑞特旗舰店,//detail.tmall.com/item.htm?id=588021321356&ns=1&abbucket=10
395,395,546614997957,成长快乐复合维生素软糖糖果果味型80片补充维生素儿童养生堂,89.0,1,"(50,100]",889,4657,是,是,广东,广州,阿里健康大药房,//detail.tmall.com/item.htm?id=546614997957&ns=1&abbucket=10
396,396,618115921205,金斯利安多维叶酸片孕前孕期复合维生素男女备孕天猫斯利安叶酸,269.0,5,"(250,300]",888,702,是,是,北京,北京,scrianen斯利安旗舰店,//detail.tmall.com/item.htm?id=618115921205&ns=1&abbucket=10
397,397,618282178122,善尔 维生素c复合维生素多种维生素b儿童维生素ad叶酸钙铁锌男女v,19.9,0,"(0,50]",885,4057,是,是,湖南,长沙,善尔旗舰店,//detail.tmall.com/item.htm?id=618282178122&ns=1&abbucket=10
398,398,544589248002,美国进口拜耳oneaday男士复合维生素100粒增强免疫维C锌钙旗舰店,149.0,2,"(100,150]",879,10860,是,是,香港,新界,拜耳健康消费品海外旗舰店,//detail.tmall.com/item.htm?id=544589248002&ns=1&abbucket=10
399,399,584243893343,2瓶12包邮】维福佳维生素B6片100片B6缺乏症脂溢性皮炎唇干裂呕吐,7.8,0,"(0,50]",879,142,是,是,江苏,南京,奇冠大药房旗舰店,//detail.tmall.com/item.htm?id=584243893343&ns=1&abbucket=10
400,400,577787425322,黄金搭档液体钙加维生素D软胶囊腰腿疼骨质疏松补钙片30粒装,59.9,1,"(50,100]",879,2553,是,是,上海,上海,黄金搭档景行专卖店,//detail.tmall.com/item.htm?id=577787425322&ns=1&abbucket=10
401,401,611338804758,2瓶 仁和药业天然维生素E维e软胶囊ve内服外用面部涂脸脸部,66.5,1,"(50,100]",879,2427,是,是,上海,上海,众久旗舰店,//detail.tmall.com/item.htm?id=611338804758&ns=1&abbucket=10
402,402,615178266900,FANCL复合多种维生素B族片VB群维生素B2 B12日本旗舰B6官网,48.0,0,"(0,50]",875,458,否,是,浙江,杭州,天猫国际进口超市,//detail.tmall.com/item.htm?id=615178266900&ns=1&abbucket=10
403,403,45594666582,澳洲Swisse钙片vd钙娘娘维生素D柠檬酸钙150粒成人孕妇补钙斯维诗,65.0,1,"(50,100]",874,12552,是,否,广东,深圳,米拉诺米,//item.taobao.com/item.htm?id=45594666582&ns=1&abbucket=10#detail
404,404,523000311828,善存小佳维咀嚼片柠檬儿童成长多种维生素c1.95g*80片增强免疫力,115.0,2,"(100,150]",872,2499,否,是,上海,上海,天猫超市,//detail.tmall.com/item.htm?id=523000311828&ns=1&abbucket=10
405,405,593773316700,汤臣倍健维生素C片（橘子味）120片补充VC维他命c咀嚼片可搭配VE,48.0,0,"(0,50]",867,1114,是,是,广东,广州,若愚食品专营店,//detail.tmall.com/item.htm?id=593773316700&ns=1&abbucket=10
406,406,605405496157,108粒 康纽莱 维生素C加E软胶囊 VC加VE成人男女性中老年维C加维E,34.9,0,"(0,50]",860,1160,是,是,广东,广州,康纽莱保健品旗舰店,//detail.tmall.com/item.htm?id=605405496157&ns=1&abbucket=10
407,407,616935905510,朗迪碳酸钙D3片60片儿童青少成长中老年人孕妇咀嚼片补钙小孩钙片,79.0,1,"(50,100]",860,215,是,是,山东,青岛,春天之星大药房旗舰店,//detail.tmall.com/item.htm?id=616935905510&ns=1&abbucket=10
408,408,539729504818,力度伸维生素C泡腾片10片橙味防坏血病补充维生素拜耳力度伸泡腾,23.5,0,"(0,50]",853,7573,否,是,广东,广州,阿里健康大药房,//detail.tmall.com/item.htm?id=539729504818&ns=1&abbucket=10
409,409,522937988424,【薇娅推荐】Nature'sway佳思敏儿童VC锌软糖60粒维生素C澳洲进口,79.0,1,"(50,100]",853,5972,是,是,澳大利亚,澳大利亚,chemistwarehouse海外旗舰,//detail.tmall.com/item.htm?id=522937988424&ns=1&abbucket=10
410,410,624073585140,康麦斯快速褪黑素助眠退黑素睡眠褪黑色素安眠片失眠入睡,198.0,3,"(150,200]",851,314,是,是,广东,深圳,康麦斯湖南专卖店,//detail.tmall.com/item.htm?id=624073585140&ns=1&abbucket=10
411,411,604783428148,祛斑内调去黄褐斑美容淡斑维生素e胶囊调理淡化色斑粉盒鹿胎粉茶C,208.0,4,"(200,250]",849,3427,是,是,湖南,长沙,雨兴保健品专营店,//detail.tmall.com/item.htm?id=604783428148&ns=1&abbucket=10
412,412,577270372168,swisse斯维诗柠檬酸 钙片150粒vd维生素D 中老年成人孕妇钙娘娘钙,119.0,2,"(100,150]",848,37631,是,是,浙江,宁波,阿里健康海外旗舰店,//detail.tmall.com/item.htm?id=577270372168&ns=1&abbucket=10
413,413,616931871934,迪巧维D咀嚼碳酸钙K中老年女性男青年补钙片维生素d3孕妇成年成人,169.0,3,"(150,200]",846,727,是,是,浙江,金华,迪巧保健食品旗舰店,//detail.tmall.com/item.htm?id=616931871934&ns=1&abbucket=10
414,414,561568512834,200粒】汤臣倍健液体钙K2碳酸钙维生素DK钙维D中老年钙片维生素d3,78.0,1,"(50,100]",843,3640,是,是,浙江,嘉兴,瑞兰康保健品专营店,//detail.tmall.com/item.htm?id=561568512834&ns=1&abbucket=10
415,415,615904786187,辰星药业维生素c咀嚼片维他命C含片男女维C搭天然VE粉泡腾泡片,31.0,0,"(0,50]",843,523,是,否,江苏,南通,江苏辰星药业,//item.taobao.com/item.htm?id=615904786187&ns=1&abbucket=10#detail
416,416,536578807790,汤臣倍健维生素e胶囊天然ve软胶囊外用面部涂脸油内服E官方旗舰店,101.0,2,"(100,150]",840,6192,是,是,北京,北京,汤臣倍健众华朗臣专卖店,//detail.tmall.com/item.htm?id=536578807790&ns=1&abbucket=10
417,417,593977418856,CENTRUM/善存善存小佳维咀嚼片1.95g/片*40粒复合维生素补钙儿童,55.0,1,"(50,100]",840,2850,否,是,广东,广州,阿里健康大药房,//detail.tmall.com/item.htm?id=593977418856&ns=1&abbucket=10
418,418,522993997957,旗舰店汤臣倍健天然维生素E软胶囊成人男女补ve口服外涂官网正品,128.0,2,"(100,150]",839,7631,是,是,广东,广州,汤臣倍健官方旗舰店,//detail.tmall.com/item.htm?id=522993997957&ns=1&abbucket=10
419,419,578122457230,拜耳ONEADAY女士补充复合维生素多种维生素C烟酰胺小粒装160粒,149.0,2,"(100,150]",837,10182,是,是,香港,新界,拜耳健康消费品海外旗舰店,//detail.tmall.com/item.htm?id=578122457230&ns=1&abbucket=10
420,420,561580076959,养生堂天然维生素E130粒维e软胶囊ve美容祛斑延缓衰老搭VC维生素C,99.0,1,"(50,100]",837,20079,否,是,上海,上海,天猫超市,//detail.tmall.com/item.htm?id=561580076959&ns=1&abbucket=10
421,421,574535607690,雅培进口全安素肠内膳食营养配方粉原味900g*2多种维生素矿物质,596.0,9,"(450,~)",836,2091,否,是,上海,上海,天猫超市,//detail.tmall.com/item.htm?id=574535607690&ns=1&abbucket=10
422,422,538247323231,善存银片100片50岁中老年成人补充多种维生素和矿物质官方药房,138.0,2,"(100,150]",835,7611,是,是,广东,广州,阿里健康大药房,//detail.tmall.com/item.htm?id=538247323231&ns=1&abbucket=10
423,423,587656775857,祛斑内调美容去黄褐斑产品旗舰店官网酮粉盒鹿胎粉维生素e胶囊肽C,228.0,4,"(200,250]",835,11431,是,是,湖南,长沙,康麦斯康优集专卖店,//detail.tmall.com/item.htm?id=587656775857&ns=1&abbucket=10
424,424,573918485105,善存进口成人男士复合维生素矿物质120粒*2瓶多种男性微量保健品,199.0,3,"(150,200]",834,6247,是,是,浙江,杭州,天猫国际进口超市,//detail.tmall.com/item.htm?id=573918485105&ns=1&abbucket=10
425,425,45546299289,养生堂牌天然维生素E软胶囊250mg/粒*200粒*2瓶 延缓衰老,336.0,6,"(300,350]",829,6416,是,是,浙江,杭州,养生堂旗舰店,//detail.tmall.com/item.htm?id=45546299289&ns=1&abbucket=10
426,426,551878966220,日本购 Fancl综合维生素B群VB族维他命B减疲劳控油祛.痘牙龈30日,25.8,0,"(0,50]",825,3163,是,否,广东,深圳,汤艳anny,//item.taobao.com/item.htm?id=551878966220&ns=1&abbucket=10#detail
427,427,524603786180,美国baby ddrops维生素婴儿童d3滴剂宝宝新生幼儿滴vd3补钙剂维d,81.0,1,"(50,100]",824,9668,是,否,北京,北京,嘉嘉之梦,//item.taobao.com/item.htm?id=524603786180&ns=1&abbucket=10#detail
428,428,538238702403,惠氏钙尔奇钙片碳酸钙D3咀嚼片(II)100片孕妇哺乳中老年补钙官方,98.0,1,"(50,100]",816,5142,是,是,广东,广州,阿里健康大药房,//detail.tmall.com/item.htm?id=538238702403&ns=1&abbucket=10
429,429,611830857103,【直营】泰国进口PATAR葩塔VC维生素C咀嚼片维他命vc片1000粒*2,162.0,3,"(150,200]",816,1427,是,是,上海,上海,天猫国际进口超市国内现货,//detail.tmall.com/item.htm?id=611830857103&ns=1&abbucket=10
430,430,557776930020,澳洲圣诺cenovis天然维生素c咀嚼片vc美白护肤成人儿童300粒女,57.0,1,"(50,100]",814,6637,是,否,河北,沧州,小姐姐emma,//item.taobao.com/item.htm?id=557776930020&ns=1&abbucket=10#detail
431,431,546879297500,德国原装泡腾片DAS gesunde 多种维生素VC钙铁镁泡腾片6只装,47.2,0,"(0,50]",812,1302,是,否,北京,北京,欧洲名妆,//item.taobao.com/item.htm?id=546879297500&ns=1&abbucket=10#detail
432,432,602052585790,澳洲爱乐维哺乳期维生素黄金素含叶黄素胡萝卜素DHA母乳营养60粒,179.0,3,"(150,200]",808,1904,是,是,香港,香港岛,拜耳健康消费品海外旗舰店,//detail.tmall.com/item.htm?id=602052585790&ns=1&abbucket=10
433,433,44926251347,美国童年时光敏护液葡萄大侠婴幼儿童VC 宝宝黑接骨木维生素C,158.4,3,"(150,200]",807,11581,是,是,浙江,宁波,童年时光海外旗舰店,//detail.tmall.com/item.htm?id=44926251347&ns=1&abbucket=10
434,434,540013630735,Ostelin奥斯特林碳酸钙青少年中老年孕妇补钙片维生素D300片澳洲,219.0,4,"(200,250]",803,1292,是,是,澳大利亚,澳大利亚,chemistwarehouse海外旗舰,//detail.tmall.com/item.htm?id=540013630735&ns=1&abbucket=10
435,435,44067990915,澳洲佳思敏维生素软糖儿童复合多种维生素软糖120粒宝宝婴儿营养,154.0,3,"(150,200]",802,10124,是,是,澳大利亚,澳大利亚,naturesway海外旗舰店,//detail.tmall.com/item.htm?id=44067990915&ns=1&abbucket=10
436,436,41157461714,澳洲swisse钙片vd钙娘娘柠檬酸钙150粒维生素D成人中老年孕妇补钙,64.0,1,"(50,100]",802,8410,是,否,浙江,杭州,yw_pretty,//item.taobao.com/item.htm?id=41157461714&ns=1&abbucket=10#detail
437,437,38027137069,星鲨维生素D滴剂胶囊型24粒儿童婴儿成人星沙维D3补钙,36.0,0,"(0,50]",795,228,是,是,广东,广州,康爱多大药房旗舰店,//detail.tmall.com/item.htm?id=38027137069&ns=1&abbucket=10
438,438,557054512092,优卡丹维生素ad滴剂(胶囊型)1岁以上婴幼儿维生素d滴剂补钙鱼肝油,32.0,0,"(0,50]",790,7586,是,是,广东,广州,仁和官方旗舰店,//detail.tmall.com/item.htm?id=557054512092&ns=1&abbucket=10
439,439,600131793884,褪黑素安瓶失眠维生素b助眠安神退腿褪黑色素药改善睡眠b6入睡100,68.0,1,"(50,100]",787,8925,是,是,浙江,金华,康恩贝轻迈专卖店,//detail.tmall.com/item.htm?id=600131793884&ns=1&abbucket=10
